applicant_id,age,annual_income,employment_type,education,credit_score,loan_amount,num_dependents,months_employed,region,has_default
10000,44.0,32017.0,salaried,bachelor,673.0,16342.0,1,61.0,central,0
10001,28.0,28769.0,self-employed,bachelor,731.0,5425.0,3,87.0,south,1
10002,49.0,49862.0,salaried,bachelor,675.0,13948.0,3,27.0,north,0
10003,51.0,45521.0,self-employed,highschool,850.0,13681.0,2,47.0,central,0
10004,18.0,19883.0,self-employed,master,779.0,4966.0,1,16.0,central,0
10005,24.0,70357.0,salaried,bachelor,622.0,7154.0,0,82.0,central,0
10006,42.0,38288.0,salaried,bachelor,621.0,8337.0,1,30.0,central,0
10007,36.0,23030.0,unemployed,master,692.0,6191.0,0,94.0,central,0
10008,40.0,72721.0,unemployed,bachelor,575.0,18676.0,2,,central,1
10009,30.0,54876.0,salaried,highschool,755.0,27042.0,1,50.0,central,0
10010,51.0,21327.0,,bachelor,683.0,2638.0,1,49.0,west,0
10011,49.0,97596.0,salaried,phd,673.0,28740.0,1,,south,0
10012,41.0,55793.0,unemployed,highschool,712.0,6626.0,1,56.0,east,1
10013,54.0,,self-employed,bachelor,805.0,22574.0,1,86.0,south,1
10014,46.0,88886.0,salaried,highschool,665.0,44008.0,0,65.0,east,0
10015,,43462.0,self-employed,master,640.0,25690.0,0,116.0,west,0
10016,44.0,39575.0,salaried,bachelor,786.0,21967.0,1,44.0,south,0
10017,28.0,28850.0,salaried,master,737.0,7440.0,0,,north,0
10018,51.0,53687.0,self-employed,bachelor,621.0,23933.0,0,31.0,west,0
10019,,50935.0,salaried,highschool,650.0,12901.0,3,158.0,central,0
10020,38.0,40431.0,self-employed,bachelor,668.0,21998.0,2,20.0,central,0
10021,32.0,27038.0,salaried,master,683.0,8257.0,2,83.0,north,0
10022,55.0,42829.0,self-employed,highschool,528.0,12332.0,1,87.0,east,0
10023,38.0,38758.0,,highschool,511.0,21590.0,3,85.0,east,1
10024,35.0,20604.0,salaried,bachelor,570.0,10681.0,2,,east,1
10025,36.0,19227.0,,bachelor,563.0,11214.0,4,23.0,west,1
10026,46.0,53241.0,self-employed,highschool,592.0,7094.0,0,50.0,east,1
10027,44.0,10928.0,salaried,highschool,707.0,2422.0,0,76.0,central,0
10028,45.0,44476.0,self-employed,highschool,635.0,11138.0,0,38.0,central,0
10029,,31601.0,salaried,bachelor,668.0,9865.0,2,46.0,west,0
10030,66.0,77198.0,salaried,bachelor,540.0,25982.0,1,38.0,east,0
10031,35.0,31359.0,,bachelor,608.0,7706.0,1,59.0,east,0
10032,34.0,55812.0,salaried,master,703.0,27639.0,1,56.0,central,0
10033,30.0,32910.0,salaried,highschool,704.0,6965.0,2,127.0,south,0
10034,47.0,42484.0,salaried,bachelor,585.0,19044.0,2,,central,0
10035,54.0,58013.0,self-employed,bachelor,665.0,30508.0,2,24.0,east,1
10036,39.0,31848.0,unemployed,bachelor,848.0,12798.0,2,,north,1
10037,30.0,66057.0,salaried,bachelor,648.0,18303.0,0,84.0,west,0
10038,30.0,24420.0,salaried,bachelor,588.0,4736.0,1,56.0,south,0
10039,48.0,46504.0,salaried,master,634.0,7774.0,0,153.0,east,0
10040,49.0,63661.0,self-employed,highschool,658.0,30053.0,1,152.0,central,1
10041,47.0,55827.0,salaried,highschool,636.0,18678.0,0,31.0,west,0
10042,32.0,104634.0,salaried,bachelor,647.0,12887.0,1,66.0,west,0
10043,43.0,27400.0,salaried,bachelor,520.0,16218.0,2,25.0,north,0
10044,41.0,20139.0,salaried,highschool,563.0,8774.0,0,83.0,central,1
10045,43.0,24412.0,self-employed,master,637.0,12745.0,1,137.0,south,0
10046,50.0,55839.0,salaried,master,635.0,17818.0,2,61.0,north,0
10047,43.0,51481.0,salaried,bachelor,599.0,29741.0,2,43.0,central,0
10048,48.0,42240.0,salaried,bachelor,634.0,8438.0,2,70.0,north,0
10049,41.0,22892.0,salaried,highschool,655.0,4408.0,0,93.0,south,0
10050,43.0,58890.0,salaried,bachelor,730.0,32105.0,0,93.0,north,0
10051,,21756.0,salaried,bachelor,641.0,11876.0,1,43.0,west,0
10052,23.0,71645.0,salaried,master,686.0,25041.0,2,37.0,central,0
10053,36.0,167497.0,salaried,bachelor,601.0,27284.0,1,64.0,east,0
10054,34.0,48205.0,salaried,highschool,701.0,12177.0,2,45.0,central,1
10055,32.0,53721.0,self-employed,highschool,684.0,25629.0,2,,central,0
10056,37.0,31369.0,salaried,highschool,728.0,16406.0,1,45.0,central,0
10057,58.0,16234.0,salaried,master,714.0,4445.0,4,58.0,north,0
10058,,29692.0,self-employed,master,703.0,3878.0,1,69.0,south,0
10059,52.0,23238.0,salaried,master,641.0,10059.0,1,21.0,south,0
10060,20.0,19467.0,salaried,master,672.0,9145.0,0,39.0,west,0
10061,36.0,94957.0,self-employed,highschool,746.0,29627.0,0,,central,0
10062,42.0,46002.0,salaried,bachelor,591.0,18012.0,0,91.0,south,0
10063,47.0,48525.0,unemployed,bachelor,593.0,28809.0,0,45.0,west,0
10064,49.0,34389.0,salaried,highschool,666.0,7652.0,0,83.0,north,0
10065,50.0,36811.0,self-employed,bachelor,687.0,14227.0,2,107.0,east,0
10066,,65009.0,self-employed,bachelor,576.0,26360.0,2,49.0,west,0
10067,34.0,39491.0,salaried,master,643.0,14792.0,1,88.0,south,0
10068,50.0,52331.0,salaried,highschool,642.0,27974.0,1,81.0,north,1
10069,38.0,36388.0,self-employed,master,451.0,14646.0,3,,east,1
10070,25.0,33824.0,salaried,master,630.0,11972.0,2,,west,1
10071,26.0,19862.0,salaried,master,636.0,3208.0,0,129.0,central,1
10072,29.0,14930.0,unemployed,highschool,636.0,6742.0,1,147.0,west,1
10073,46.0,35215.0,self-employed,highschool,777.0,5848.0,1,91.0,west,0
10074,42.0,41285.0,unemployed,bachelor,541.0,4677.0,3,38.0,east,1
10075,48.0,21098.0,self-employed,highschool,576.0,7263.0,2,10.0,central,1
10076,35.0,39449.0,self-employed,highschool,415.0,15236.0,1,35.0,central,0
10077,42.0,41228.0,self-employed,master,607.0,24717.0,2,23.0,central,0
10078,48.0,13657.0,self-employed,highschool,614.0,6230.0,6,134.0,central,1
10079,36.0,25398.0,self-employed,bachelor,604.0,13316.0,1,,east,0
10080,45.0,49199.0,self-employed,master,750.0,13441.0,0,26.0,central,0
10081,32.0,48705.0,salaried,bachelor,727.0,17264.0,0,63.0,west,0
10082,,22543.0,salaried,master,657.0,13236.0,1,56.0,west,0
10083,35.0,43444.0,salaried,bachelor,617.0,13411.0,0,125.0,west,0
10084,,66917.0,unemployed,highschool,742.0,33702.0,0,78.0,north,0
10085,46.0,,self-employed,highschool,648.0,21486.0,3,51.0,central,0
10086,34.0,38268.0,salaried,bachelor,576.0,8112.0,0,109.0,south,1
10087,40.0,31762.0,salaried,highschool,496.0,12394.0,1,44.0,west,0
10088,46.0,29300.0,salaried,master,610.0,6125.0,3,131.0,central,1
10089,45.0,50712.0,salaried,master,718.0,5148.0,0,32.0,north,0
10090,48.0,44247.0,self-employed,highschool,850.0,9644.0,1,5.0,south,1
10091,39.0,54979.0,self-employed,highschool,656.0,10807.0,2,55.0,central,0
10092,35.0,42870.0,salaried,bachelor,581.0,12238.0,0,12.0,south,0
10093,39.0,,salaried,bachelor,543.0,32897.0,1,,west,0
10094,,42079.0,salaried,highschool,700.0,12368.0,3,61.0,east,0
10095,23.0,59418.0,salaried,highschool,491.0,31051.0,0,131.0,central,1
10096,24.0,62032.0,self-employed,highschool,700.0,23436.0,3,,east,0
10097,28.0,26842.0,self-employed,bachelor,724.0,2786.0,1,21.0,east,0
10098,45.0,16251.0,self-employed,highschool,689.0,3159.0,2,73.0,north,1
10099,29.0,86833.0,salaried,bachelor,630.0,49116.0,1,40.0,east,0
10100,,45630.0,salaried,highschool,701.0,18347.0,0,86.0,east,0
10101,56.0,17030.0,unemployed,bachelor,665.0,9618.0,0,32.0,west,1
10102,36.0,28088.0,unemployed,bachelor,580.0,7164.0,2,118.0,west,1
10103,49.0,59038.0,salaried,highschool,817.0,27056.0,0,,west,0
10104,29.0,34897.0,self-employed,master,618.0,16960.0,0,51.0,east,0
10105,38.0,31069.0,salaried,bachelor,720.0,18264.0,0,114.0,north,1
10106,29.0,80857.0,salaried,master,432.0,8821.0,1,94.0,south,0
10107,36.0,23774.0,unemployed,bachelor,765.0,13697.0,0,35.0,east,1
10108,50.0,26928.0,unemployed,bachelor,782.0,7965.0,0,93.0,central,0
10109,,44609.0,unemployed,highschool,653.0,23152.0,2,82.0,west,1
10110,45.0,48787.0,salaried,bachelor,700.0,18166.0,2,53.0,central,0
10111,43.0,51440.0,salaried,bachelor,700.0,19667.0,2,89.0,central,0
10112,33.0,63299.0,self-employed,bachelor,592.0,17704.0,3,118.0,north,1
10113,23.0,44324.0,self-employed,highschool,699.0,22793.0,2,54.0,north,0
10114,41.0,51261.0,salaried,highschool,577.0,11893.0,0,54.0,east,1
10115,,35256.0,salaried,highschool,595.0,12203.0,0,52.0,south,0
10116,43.0,41413.0,salaried,highschool,751.0,15741.0,2,34.0,central,0
10117,40.0,42352.0,self-employed,bachelor,738.0,19959.0,2,,east,0
10118,59.0,44692.0,self-employed,phd,586.0,15008.0,0,50.0,north,0
10119,37.0,59058.0,salaried,highschool,584.0,25994.0,0,48.0,south,0
10120,,52975.0,salaried,highschool,592.0,18152.0,1,48.0,south,1
10121,42.0,41032.0,salaried,highschool,716.0,17630.0,0,26.0,north,0
10122,43.0,26781.0,salaried,highschool,560.0,11705.0,2,100.0,south,0
10123,56.0,41516.0,salaried,bachelor,682.0,18878.0,3,,east,0
10124,50.0,39577.0,salaried,highschool,717.0,20249.0,0,122.0,central,0
10125,,44205.0,,phd,642.0,16372.0,0,,west,0
10126,58.0,120966.0,salaried,master,741.0,23787.0,0,137.0,north,1
10127,26.0,30888.0,self-employed,bachelor,623.0,13585.0,2,45.0,east,0
10128,32.0,49570.0,salaried,master,631.0,6868.0,1,,west,0
10129,29.0,68475.0,salaried,bachelor,562.0,14344.0,0,61.0,south,0
10130,35.0,42150.0,salaried,phd,742.0,20910.0,0,24.0,east,1
10131,23.0,129175.0,self-employed,highschool,581.0,41018.0,1,25.0,central,0
10132,48.0,33222.0,salaried,phd,681.0,11595.0,1,37.0,north,0
10133,37.0,47195.0,salaried,highschool,644.0,28020.0,1,,east,0
10134,22.0,26919.0,salaried,bachelor,555.0,5857.0,1,55.0,west,0
10135,28.0,33666.0,salaried,master,595.0,3696.0,1,69.0,west,0
10136,44.0,45454.0,salaried,bachelor,774.0,7077.0,0,,central,1
10137,50.0,,salaried,highschool,668.0,13619.0,1,66.0,south,0
10138,64.0,47077.0,salaried,highschool,559.0,21795.0,1,73.0,east,1
10139,75.0,75324.0,salaried,highschool,677.0,36752.0,1,49.0,central,0
10140,45.0,38274.0,self-employed,bachelor,637.0,14649.0,3,81.0,central,0
10141,,33993.0,salaried,bachelor,850.0,7734.0,1,92.0,central,0
10142,18.0,155126.0,unemployed,bachelor,676.0,55980.0,1,74.0,west,0
10143,43.0,48880.0,self-employed,master,616.0,5254.0,2,76.0,south,0
10144,30.0,28008.0,salaried,highschool,778.0,12349.0,0,,south,1
10145,35.0,28364.0,self-employed,master,484.0,11548.0,1,105.0,west,0
10146,33.0,25051.0,salaried,bachelor,658.0,2778.0,1,56.0,south,0
10147,38.0,64105.0,unemployed,master,829.0,32598.0,2,37.0,west,1
10148,53.0,33450.0,unemployed,master,640.0,16113.0,0,57.0,east,0
10149,42.0,42774.0,self-employed,master,494.0,10869.0,1,24.0,east,0
10150,,38880.0,salaried,highschool,614.0,16240.0,0,22.0,south,0
10151,28.0,57858.0,unemployed,bachelor,781.0,23186.0,0,92.0,west,1
10152,20.0,,self-employed,master,684.0,4510.0,1,123.0,east,0
10153,34.0,23440.0,self-employed,bachelor,575.0,4609.0,2,46.0,south,0
10154,39.0,44898.0,salaried,highschool,588.0,19827.0,1,93.0,south,0
10155,61.0,54202.0,unemployed,bachelor,600.0,30721.0,3,16.0,east,0
10156,,47395.0,self-employed,master,683.0,18396.0,1,14.0,west,0
10157,52.0,26776.0,salaried,highschool,770.0,10280.0,1,,central,1
10158,34.0,56316.0,,bachelor,745.0,23841.0,2,74.0,south,0
10159,26.0,27669.0,self-employed,master,691.0,8862.0,1,56.0,north,0
10160,28.0,30922.0,unemployed,bachelor,530.0,3930.0,0,134.0,central,0
10161,31.0,25035.0,salaried,highschool,530.0,7467.0,2,51.0,north,0
10162,66.0,76924.0,salaried,bachelor,698.0,42318.0,1,29.0,central,0
10163,30.0,55089.0,self-employed,bachelor,529.0,27681.0,1,20.0,north,0
10164,50.0,54312.0,salaried,bachelor,630.0,30616.0,4,57.0,south,1
10165,29.0,74877.0,self-employed,bachelor,677.0,13210.0,3,63.0,central,0
10166,51.0,163787.0,self-employed,bachelor,548.0,57813.0,1,49.0,north,0
10167,45.0,17075.0,salaried,master,558.0,6700.0,3,94.0,north,0
10168,38.0,27745.0,self-employed,master,642.0,5687.0,0,116.0,west,0
10169,40.0,29493.0,salaried,master,695.0,5913.0,3,46.0,north,0
10170,32.0,26228.0,self-employed,bachelor,746.0,12878.0,2,16.0,north,0
10171,45.0,23417.0,self-employed,highschool,705.0,10208.0,0,67.0,west,0
10172,35.0,34550.0,salaried,bachelor,657.0,14635.0,1,106.0,central,0
10173,25.0,21844.0,salaried,highschool,583.0,5101.0,2,46.0,west,0
10174,,47454.0,salaried,bachelor,554.0,16770.0,0,76.0,central,0
10175,42.0,41186.0,salaried,highschool,604.0,4594.0,4,27.0,east,0
10176,59.0,51048.0,self-employed,bachelor,687.0,8421.0,2,66.0,west,0
10177,42.0,51734.0,salaried,bachelor,680.0,18579.0,0,77.0,central,0
10178,39.0,54258.0,salaried,bachelor,461.0,13827.0,0,67.0,east,1
10179,43.0,33299.0,salaried,bachelor,579.0,19408.0,1,154.0,north,1
10180,56.0,115910.0,self-employed,highschool,758.0,38916.0,3,122.0,south,0
10181,43.0,45126.0,self-employed,highschool,657.0,6398.0,1,84.0,west,0
10182,35.0,15816.0,salaried,bachelor,522.0,1723.0,2,100.0,central,0
10183,53.0,24314.0,salaried,master,850.0,11248.0,1,66.0,west,0
10184,45.0,16810.0,salaried,master,647.0,3123.0,1,54.0,east,0
10185,58.0,40484.0,salaried,phd,685.0,7850.0,2,43.0,south,0
10186,42.0,37763.0,salaried,highschool,686.0,11779.0,1,27.0,west,0
10187,25.0,31754.0,self-employed,highschool,617.0,7368.0,1,125.0,central,0
10188,24.0,109695.0,salaried,bachelor,585.0,44787.0,1,157.0,south,0
10189,60.0,52812.0,salaried,bachelor,841.0,18106.0,1,58.0,east,0
10190,61.0,57702.0,self-employed,bachelor,740.0,8986.0,1,58.0,east,0
10191,,25197.0,,master,724.0,12406.0,2,79.0,south,0
10192,35.0,24353.0,salaried,bachelor,702.0,7621.0,2,51.0,east,0
10193,58.0,40880.0,salaried,bachelor,560.0,16574.0,1,29.0,north,0
10194,27.0,,self-employed,phd,765.0,4462.0,1,24.0,east,0
10195,29.0,15865.0,salaried,highschool,574.0,6555.0,1,154.0,north,1
10196,48.0,36675.0,self-employed,master,675.0,8854.0,1,18.0,east,0
10197,35.0,,self-employed,bachelor,502.0,14033.0,1,68.0,central,1
10198,40.0,36041.0,self-employed,highschool,466.0,8969.0,1,19.0,north,0
10199,38.0,26724.0,salaried,master,679.0,15984.0,0,53.0,south,0
10200,44.0,30645.0,salaried,master,577.0,6602.0,0,45.0,west,0
10201,57.0,36738.0,self-employed,master,471.0,20442.0,1,22.0,central,0
10202,41.0,41999.0,salaried,highschool,699.0,23477.0,2,81.0,central,0
10203,48.0,54306.0,salaried,highschool,841.0,16862.0,0,28.0,north,0
10204,18.0,68901.0,salaried,bachelor,775.0,17363.0,0,20.0,south,0
10205,39.0,34642.0,salaried,highschool,627.0,10064.0,0,86.0,central,0
10206,30.0,31950.0,self-employed,highschool,651.0,19000.0,2,46.0,east,0
10207,25.0,49953.0,unemployed,bachelor,730.0,20450.0,0,35.0,central,0
10208,29.0,54471.0,,highschool,751.0,20284.0,1,89.0,north,0
10209,36.0,32302.0,salaried,bachelor,619.0,3810.0,2,27.0,north,0
10210,51.0,59587.0,unemployed,bachelor,653.0,31219.0,2,16.0,south,1
10211,24.0,65499.0,self-employed,highschool,677.0,9295.0,3,111.0,north,0
10212,40.0,76561.0,salaried,bachelor,700.0,9454.0,3,,central,0
10213,34.0,97652.0,self-employed,highschool,638.0,23185.0,1,52.0,central,0
10214,36.0,26024.0,salaried,highschool,639.0,8794.0,0,5.0,south,0
10215,52.0,40415.0,salaried,bachelor,774.0,22133.0,1,52.0,north,0
10216,46.0,40362.0,self-employed,bachelor,759.0,19981.0,1,91.0,north,0
10217,56.0,38214.0,salaried,highschool,693.0,7598.0,2,105.0,south,0
10218,38.0,29009.0,salaried,bachelor,805.0,8298.0,0,29.0,west,0
10219,32.0,19096.0,self-employed,bachelor,615.0,9359.0,2,,central,0
10220,,42038.0,salaried,bachelor,796.0,15283.0,0,65.0,east,0
10221,43.0,27332.0,salaried,highschool,699.0,5118.0,0,,central,0
10222,42.0,,salaried,bachelor,850.0,12487.0,0,83.0,central,0
10223,27.0,26983.0,self-employed,bachelor,543.0,11143.0,0,76.0,west,0
10224,41.0,23160.0,self-employed,highschool,588.0,13586.0,1,105.0,north,0
10225,43.0,45123.0,salaried,bachelor,688.0,19444.0,0,54.0,central,0
10226,,43281.0,self-employed,master,686.0,4679.0,2,126.0,central,0
10227,63.0,53618.0,salaried,highschool,826.0,24262.0,2,40.0,east,0
10228,30.0,119723.0,salaried,bachelor,590.0,26989.0,0,84.0,east,0
10229,37.0,46104.0,salaried,master,731.0,24485.0,3,43.0,west,0
10230,,51151.0,salaried,highschool,755.0,14933.0,2,53.0,east,0
10231,33.0,23417.0,salaried,master,713.0,4679.0,1,58.0,south,0
10232,44.0,21090.0,self-employed,bachelor,564.0,7043.0,0,42.0,west,0
10233,,88558.0,,bachelor,777.0,20156.0,2,107.0,west,0
10234,31.0,25292.0,unemployed,master,761.0,5511.0,1,45.0,north,0
10235,32.0,23814.0,unemployed,phd,704.0,9207.0,1,56.0,west,0
10236,18.0,39358.0,salaried,bachelor,668.0,19036.0,1,,north,0
10237,38.0,38365.0,salaried,bachelor,670.0,19853.0,1,191.0,east,0
10238,27.0,,salaried,highschool,643.0,7638.0,2,80.0,north,0
10239,34.0,34459.0,salaried,highschool,708.0,4597.0,0,,central,1
10240,29.0,74212.0,self-employed,master,653.0,25380.0,1,14.0,west,0
10241,39.0,26823.0,salaried,bachelor,574.0,8500.0,2,52.0,east,0
10242,19.0,19994.0,salaried,master,556.0,3969.0,2,37.0,east,1
10243,22.0,,salaried,highschool,582.0,35240.0,0,47.0,west,0
10244,,51336.0,self-employed,highschool,670.0,30138.0,1,43.0,north,0
10245,25.0,29429.0,salaried,highschool,648.0,3704.0,0,78.0,east,1
10246,27.0,18195.0,self-employed,bachelor,669.0,9059.0,1,,west,0
10247,62.0,27658.0,salaried,highschool,695.0,11696.0,1,32.0,south,1
10248,75.0,39052.0,salaried,highschool,594.0,9010.0,1,94.0,east,1
10249,26.0,71886.0,salaried,phd,782.0,30018.0,1,25.0,south,0
10250,36.0,23902.0,self-employed,master,626.0,3928.0,2,57.0,north,0
10251,44.0,38474.0,self-employed,master,611.0,5183.0,2,52.0,central,0
10252,61.0,56251.0,salaried,highschool,693.0,33567.0,1,69.0,east,0
10253,28.0,12202.0,salaried,bachelor,485.0,5103.0,3,106.0,south,1
10254,37.0,67298.0,salaried,bachelor,579.0,15251.0,1,207.0,south,0
10255,49.0,,salaried,highschool,738.0,7222.0,1,59.0,west,0
10256,45.0,47382.0,salaried,bachelor,494.0,27247.0,0,37.0,north,1
10257,35.0,45403.0,salaried,master,751.0,14500.0,2,35.0,east,0
10258,38.0,69030.0,self-employed,highschool,786.0,37982.0,3,35.0,south,0
10259,24.0,52863.0,self-employed,master,617.0,28250.0,0,68.0,central,0
10260,37.0,12226.0,self-employed,highschool,676.0,3327.0,0,12.0,west,0
10261,37.0,27109.0,self-employed,highschool,751.0,12145.0,1,24.0,west,0
10262,43.0,43006.0,unemployed,highschool,608.0,18503.0,3,68.0,north,0
10263,33.0,36407.0,unemployed,master,728.0,17679.0,2,96.0,north,0
10264,46.0,50960.0,salaried,bachelor,590.0,14420.0,0,97.0,east,0
10265,52.0,59557.0,salaried,master,607.0,7511.0,0,60.0,south,0
10266,42.0,54406.0,salaried,bachelor,578.0,10093.0,2,89.0,west,1
10267,44.0,,self-employed,master,681.0,14721.0,0,107.0,west,0
10268,41.0,15944.0,salaried,bachelor,754.0,7773.0,1,44.0,south,0
10269,40.0,31961.0,salaried,bachelor,633.0,15278.0,0,101.0,north,0
10270,31.0,49424.0,salaried,master,536.0,19366.0,0,19.0,south,0
10271,44.0,23267.0,self-employed,master,553.0,3313.0,4,23.0,east,0
10272,,55030.0,salaried,bachelor,686.0,5979.0,1,46.0,south,0
10273,65.0,63209.0,self-employed,highschool,816.0,31040.0,1,17.0,south,0
10274,59.0,42763.0,salaried,master,685.0,16023.0,0,79.0,south,0
10275,45.0,8674.0,,highschool,615.0,4262.0,0,40.0,north,0
10276,31.0,21183.0,salaried,phd,719.0,3842.0,0,52.0,west,0
10277,27.0,103063.0,self-employed,bachelor,628.0,31301.0,0,54.0,central,0
10278,54.0,30538.0,salaried,highschool,616.0,17089.0,1,45.0,central,0
10279,,14882.0,salaried,highschool,564.0,2765.0,2,35.0,central,0
10280,46.0,74431.0,unemployed,bachelor,777.0,9733.0,2,77.0,west,0
10281,19.0,40404.0,unemployed,bachelor,421.0,17242.0,0,40.0,west,0
10282,51.0,69736.0,self-employed,master,722.0,27704.0,1,53.0,north,0
10283,45.0,46096.0,unemployed,bachelor,608.0,26552.0,1,70.0,south,0
10284,27.0,50477.0,salaried,highschool,613.0,27926.0,3,106.0,west,0
10285,34.0,48122.0,salaried,bachelor,802.0,22844.0,0,101.0,central,0
10286,43.0,56883.0,salaried,master,586.0,6233.0,2,42.0,central,0
10287,41.0,,self-employed,master,589.0,42637.0,0,33.0,west,0
10288,36.0,65219.0,self-employed,bachelor,638.0,35743.0,2,118.0,north,0
10289,39.0,18212.0,unemployed,master,687.0,5770.0,1,40.0,central,0
10290,37.0,50178.0,self-employed,highschool,610.0,29157.0,0,75.0,south,0
10291,42.0,71022.0,self-employed,bachelor,508.0,30273.0,2,16.0,north,0
10292,58.0,,salaried,master,572.0,11331.0,1,12.0,west,1
10293,18.0,,salaried,bachelor,765.0,11499.0,0,59.0,north,0
10294,37.0,71860.0,salaried,highschool,657.0,32179.0,1,49.0,south,0
10295,42.0,63823.0,self-employed,bachelor,691.0,8468.0,0,86.0,west,0
10296,44.0,145257.0,salaried,highschool,626.0,39557.0,1,35.0,central,0
10297,36.0,27584.0,unemployed,highschool,591.0,12648.0,2,67.0,central,0
10298,19.0,31142.0,self-employed,highschool,801.0,5560.0,1,83.0,north,0
10299,44.0,34439.0,salaried,master,633.0,9442.0,0,36.0,north,0
10300,61.0,31410.0,self-employed,highschool,610.0,13976.0,1,46.0,central,0
10301,22.0,25719.0,salaried,bachelor,749.0,12545.0,3,27.0,south,0
10302,50.0,10084.0,self-employed,phd,585.0,3623.0,0,,north,0
10303,36.0,32294.0,salaried,master,596.0,18680.0,2,77.0,east,0
10304,39.0,48275.0,salaried,bachelor,651.0,27163.0,1,80.0,west,0
10305,27.0,31363.0,salaried,bachelor,650.0,10561.0,0,49.0,central,0
10306,36.0,105629.0,salaried,highschool,673.0,19028.0,2,76.0,east,0
10307,56.0,40404.0,self-employed,bachelor,838.0,19655.0,2,6.0,west,0
10308,47.0,76536.0,unemployed,highschool,680.0,16958.0,0,51.0,east,0
10309,61.0,,self-employed,highschool,436.0,23849.0,3,129.0,central,0
10310,54.0,60670.0,salaried,highschool,679.0,23878.0,3,56.0,east,0
10311,45.0,,unemployed,bachelor,653.0,13708.0,0,98.0,west,0
10312,61.0,79570.0,salaried,highschool,654.0,30093.0,1,49.0,central,0
10313,45.0,41273.0,salaried,highschool,672.0,15123.0,0,114.0,central,0
10314,50.0,51434.0,self-employed,master,647.0,28925.0,1,33.0,east,0
10315,36.0,48203.0,unemployed,highschool,645.0,9987.0,3,,east,0
10316,41.0,34747.0,unemployed,bachelor,705.0,19600.0,3,38.0,east,1
10317,32.0,49143.0,self-employed,bachelor,601.0,5684.0,0,65.0,north,0
10318,,122663.0,salaried,bachelor,565.0,59443.0,1,40.0,south,1
10319,26.0,35059.0,salaried,highschool,850.0,19627.0,1,56.0,west,0
10320,49.0,49500.0,salaried,highschool,586.0,14703.0,0,,north,0
10321,38.0,75274.0,salaried,master,659.0,10277.0,2,82.0,west,0
10322,54.0,70978.0,salaried,bachelor,515.0,35655.0,3,73.0,east,1
10323,49.0,40371.0,salaried,highschool,660.0,21051.0,1,37.0,east,0
10324,62.0,12189.0,salaried,highschool,566.0,3268.0,1,36.0,central,0
10325,49.0,51966.0,salaried,bachelor,610.0,18671.0,2,32.0,south,0
10326,21.0,13230.0,self-employed,highschool,744.0,6678.0,2,28.0,west,0
10327,39.0,83698.0,salaried,bachelor,692.0,16407.0,0,85.0,west,0
10328,26.0,43684.0,,bachelor,701.0,18106.0,1,30.0,central,0
10329,34.0,66160.0,self-employed,bachelor,491.0,20861.0,2,68.0,central,0
10330,58.0,25564.0,self-employed,master,815.0,4786.0,0,41.0,east,0
10331,48.0,18467.0,salaried,bachelor,543.0,9524.0,2,97.0,south,0
10332,32.0,45724.0,salaried,master,788.0,11995.0,0,147.0,west,0
10333,28.0,39466.0,unemployed,bachelor,742.0,22386.0,3,5.0,central,1
10334,40.0,31390.0,self-employed,bachelor,702.0,12068.0,3,,south,0
10335,25.0,41870.0,salaried,bachelor,573.0,14958.0,2,41.0,south,0
10336,32.0,160126.0,salaried,bachelor,664.0,49904.0,0,50.0,east,0
10337,44.0,60917.0,salaried,highschool,608.0,18295.0,1,48.0,north,0
10338,54.0,67829.0,salaried,phd,653.0,34524.0,2,23.0,south,0
10339,47.0,61204.0,salaried,master,628.0,26853.0,0,,north,0
10340,18.0,84097.0,unemployed,highschool,467.0,40942.0,0,49.0,west,1
10341,44.0,36496.0,salaried,bachelor,751.0,11334.0,2,73.0,east,0
10342,41.0,14366.0,salaried,master,643.0,3315.0,1,75.0,west,0
10343,45.0,36523.0,self-employed,master,606.0,5239.0,0,20.0,north,0
10344,59.0,60227.0,salaried,bachelor,600.0,29410.0,2,45.0,east,1
10345,18.0,24713.0,self-employed,highschool,682.0,7603.0,2,85.0,west,0
10346,33.0,36747.0,salaried,bachelor,570.0,13031.0,1,118.0,west,0
10347,47.0,28399.0,salaried,highschool,447.0,9504.0,1,46.0,west,0
10348,21.0,85052.0,salaried,bachelor,687.0,26840.0,1,22.0,north,0
10349,58.0,58380.0,,bachelor,697.0,25801.0,2,39.0,east,1
10350,44.0,55591.0,self-employed,bachelor,632.0,22479.0,1,44.0,east,1
10351,50.0,54765.0,self-employed,highschool,547.0,32094.0,1,,central,0
10352,33.0,39394.0,salaried,bachelor,658.0,6675.0,2,32.0,west,0
10353,50.0,44302.0,self-employed,bachelor,518.0,17134.0,1,,central,1
10354,53.0,22190.0,salaried,highschool,558.0,2921.0,1,27.0,north,1
10355,43.0,13451.0,self-employed,highschool,582.0,6779.0,2,39.0,east,0
10356,43.0,43262.0,salaried,highschool,726.0,17658.0,2,84.0,west,0
10357,43.0,47193.0,self-employed,master,617.0,14827.0,0,102.0,north,1
10358,30.0,73470.0,salaried,bachelor,610.0,36817.0,0,,west,0
10359,38.0,88051.0,salaried,bachelor,826.0,28837.0,2,,south,0
10360,38.0,,self-employed,bachelor,682.0,18821.0,0,40.0,north,0
10361,45.0,24367.0,salaried,master,681.0,8193.0,2,12.0,west,0
10362,52.0,33653.0,salaried,bachelor,617.0,4557.0,0,120.0,east,0
10363,27.0,51030.0,unemployed,highschool,596.0,28012.0,0,36.0,east,0
10364,38.0,,salaried,highschool,453.0,66255.0,0,70.0,south,1
10365,58.0,84124.0,salaried,highschool,737.0,40393.0,1,98.0,west,1
10366,,70242.0,self-employed,master,690.0,37737.0,0,138.0,west,0
10367,30.0,33061.0,,bachelor,634.0,16391.0,1,,west,0
10368,42.0,25807.0,salaried,master,638.0,8153.0,1,43.0,west,0
10369,50.0,59543.0,salaried,bachelor,716.0,9486.0,0,,west,0
10370,40.0,23148.0,salaried,master,510.0,6636.0,0,135.0,north,0
10371,56.0,35624.0,salaried,phd,597.0,20200.0,3,36.0,north,1
10372,50.0,37896.0,self-employed,bachelor,548.0,21773.0,3,20.0,central,1
10373,50.0,89006.0,unemployed,highschool,809.0,43073.0,4,32.0,south,0
10374,47.0,33612.0,salaried,highschool,729.0,6797.0,1,72.0,east,0
10375,68.0,11853.0,salaried,bachelor,452.0,2338.0,0,44.0,south,0
10376,38.0,51649.0,self-employed,master,514.0,27884.0,1,,central,0
10377,18.0,,salaried,bachelor,638.0,4837.0,1,79.0,central,0
10378,,,self-employed,highschool,607.0,16075.0,0,,east,0
10379,35.0,38432.0,salaried,bachelor,531.0,11112.0,0,51.0,west,0
10380,41.0,35002.0,salaried,bachelor,825.0,8786.0,1,40.0,east,0
10381,56.0,59586.0,self-employed,highschool,678.0,26140.0,1,,west,0
10382,21.0,18649.0,unemployed,master,693.0,10813.0,3,88.0,central,0
10383,25.0,30992.0,,bachelor,588.0,15150.0,0,44.0,west,0
10384,,56501.0,self-employed,highschool,715.0,19385.0,2,,north,0
10385,30.0,29524.0,salaried,highschool,616.0,9458.0,2,141.0,east,0
10386,45.0,17955.0,salaried,bachelor,624.0,9944.0,1,,central,0
10387,46.0,56066.0,salaried,bachelor,705.0,21813.0,0,,north,0
10388,43.0,70372.0,salaried,highschool,503.0,24512.0,3,54.0,south,0
10389,23.0,39242.0,self-employed,bachelor,794.0,17322.0,2,,south,0
10390,18.0,15057.0,salaried,bachelor,666.0,3291.0,0,32.0,west,0
10391,41.0,,salaried,highschool,765.0,7533.0,2,22.0,north,0
10392,34.0,17502.0,,bachelor,553.0,9233.0,1,101.0,west,0
10393,46.0,46836.0,self-employed,bachelor,567.0,18904.0,2,24.0,north,0
10394,48.0,25752.0,unemployed,highschool,545.0,4698.0,2,,central,1
10395,42.0,22473.0,salaried,highschool,673.0,5596.0,1,,south,0
10396,49.0,32178.0,salaried,highschool,656.0,19145.0,0,19.0,east,0
10397,43.0,36620.0,unemployed,bachelor,608.0,15278.0,0,82.0,west,1
10398,46.0,,salaried,master,559.0,12158.0,1,66.0,south,1
10399,32.0,53871.0,,bachelor,536.0,7331.0,0,,north,0
10400,38.0,32111.0,salaried,phd,646.0,18769.0,0,43.0,central,0
10401,42.0,,self-employed,bachelor,608.0,35799.0,1,17.0,north,0
10402,50.0,46193.0,salaried,bachelor,588.0,17271.0,1,39.0,east,0
10403,35.0,28317.0,salaried,bachelor,789.0,7212.0,1,49.0,north,0
10404,,26031.0,salaried,master,643.0,11688.0,1,78.0,west,0
10405,37.0,17611.0,salaried,master,764.0,9099.0,1,98.0,south,0
10406,39.0,46414.0,salaried,bachelor,602.0,22885.0,0,83.0,central,1
10407,50.0,33614.0,,bachelor,672.0,19783.0,0,66.0,south,1
10408,18.0,12258.0,salaried,master,645.0,5129.0,0,55.0,west,1
10409,24.0,30704.0,salaried,master,497.0,8002.0,3,62.0,north,0
10410,22.0,25578.0,salaried,phd,779.0,8926.0,1,38.0,north,0
10411,18.0,88242.0,salaried,highschool,638.0,44841.0,1,58.0,south,1
10412,32.0,17130.0,salaried,highschool,717.0,3986.0,2,49.0,central,0
10413,49.0,19523.0,salaried,bachelor,582.0,4211.0,2,172.0,central,1
10414,37.0,,self-employed,bachelor,635.0,32328.0,0,63.0,west,0
10415,42.0,79093.0,self-employed,highschool,572.0,25485.0,2,11.0,south,0
10416,53.0,27654.0,salaried,bachelor,761.0,14056.0,1,41.0,south,0
10417,56.0,29259.0,self-employed,bachelor,678.0,5028.0,1,46.0,south,1
10418,,54618.0,salaried,highschool,683.0,14629.0,0,89.0,south,0
10419,56.0,12537.0,salaried,bachelor,772.0,2934.0,0,67.0,east,0
10420,41.0,15826.0,unemployed,highschool,754.0,7105.0,2,,west,0
10421,30.0,34879.0,self-employed,master,719.0,16730.0,0,112.0,south,0
10422,33.0,87112.0,salaried,highschool,522.0,28573.0,2,135.0,north,0
10423,22.0,32278.0,salaried,bachelor,587.0,10943.0,1,81.0,east,0
10424,29.0,42212.0,salaried,bachelor,560.0,7008.0,1,43.0,south,1
10425,36.0,70749.0,salaried,highschool,715.0,31902.0,2,44.0,east,0
10426,50.0,115087.0,self-employed,bachelor,665.0,68610.0,3,3.0,west,0
10427,61.0,30079.0,salaried,master,525.0,14707.0,2,104.0,central,0
10428,,39798.0,,bachelor,633.0,8420.0,0,44.0,east,1
10429,45.0,99810.0,self-employed,highschool,516.0,41078.0,0,53.0,central,0
10430,28.0,18749.0,salaried,bachelor,645.0,4640.0,1,41.0,south,1
10431,46.0,67090.0,self-employed,highschool,501.0,7721.0,0,27.0,west,0
10432,38.0,24121.0,self-employed,bachelor,698.0,4581.0,1,165.0,central,0
10433,18.0,42245.0,salaried,bachelor,684.0,6392.0,1,53.0,south,1
10434,51.0,35550.0,salaried,bachelor,822.0,7038.0,0,121.0,west,0
10435,,24859.0,,highschool,726.0,12375.0,1,44.0,east,0
10436,34.0,24550.0,unemployed,highschool,612.0,6049.0,2,36.0,central,0
10437,27.0,46083.0,salaried,highschool,724.0,22052.0,0,,south,0
10438,32.0,66024.0,self-employed,bachelor,524.0,37926.0,1,97.0,central,0
10439,45.0,37614.0,self-employed,bachelor,563.0,14562.0,0,101.0,west,0
10440,38.0,41567.0,unemployed,bachelor,680.0,14245.0,3,49.0,west,1
10441,44.0,53401.0,salaried,highschool,456.0,25369.0,0,82.0,north,1
10442,44.0,24691.0,salaried,highschool,647.0,3668.0,1,39.0,north,0
10443,,58096.0,,bachelor,558.0,18248.0,0,57.0,west,0
10444,36.0,60456.0,salaried,bachelor,659.0,21124.0,0,,east,0
10445,22.0,147534.0,salaried,master,553.0,76058.0,0,,south,1
10446,53.0,33255.0,salaried,highschool,688.0,16864.0,1,59.0,central,0
10447,36.0,31919.0,salaried,highschool,652.0,16730.0,1,26.0,east,0
10448,53.0,58952.0,self-employed,bachelor,776.0,26466.0,1,93.0,east,1
10449,45.0,60449.0,salaried,bachelor,651.0,22081.0,3,42.0,south,0
10450,38.0,30713.0,self-employed,bachelor,581.0,15785.0,2,90.0,central,0
10451,44.0,32808.0,salaried,highschool,628.0,17606.0,1,30.0,south,0
10452,63.0,52605.0,self-employed,highschool,529.0,17898.0,1,42.0,south,1
10453,65.0,26535.0,salaried,bachelor,687.0,15731.0,2,26.0,west,0
10454,41.0,32687.0,salaried,highschool,703.0,17566.0,2,,north,0
10455,42.0,41974.0,unemployed,bachelor,850.0,14910.0,1,33.0,east,0
10456,53.0,66037.0,self-employed,highschool,594.0,8891.0,1,,east,0
10457,30.0,29664.0,salaried,highschool,626.0,6296.0,3,26.0,south,0
10458,,15975.0,salaried,highschool,598.0,7799.0,2,55.0,west,0
10459,40.0,15394.0,salaried,phd,669.0,2395.0,0,77.0,north,1
10460,44.0,21382.0,unemployed,highschool,684.0,7161.0,1,79.0,central,0
10461,30.0,20815.0,salaried,highschool,645.0,8376.0,2,16.0,central,0
10462,21.0,,unemployed,master,748.0,20030.0,2,46.0,north,1
10463,18.0,22149.0,salaried,highschool,594.0,11596.0,3,43.0,east,0
10464,,28244.0,self-employed,highschool,739.0,13617.0,0,114.0,north,0
10465,34.0,27254.0,salaried,highschool,698.0,8281.0,1,47.0,west,0
10466,36.0,32201.0,salaried,bachelor,649.0,5510.0,0,52.0,south,0
10467,63.0,77750.0,unemployed,bachelor,622.0,33808.0,0,20.0,east,0
10468,53.0,55881.0,salaried,master,850.0,10653.0,2,32.0,central,0
10469,,40460.0,unemployed,bachelor,576.0,15401.0,0,19.0,west,1
10470,44.0,31872.0,salaried,bachelor,677.0,18815.0,2,57.0,central,1
10471,35.0,32318.0,salaried,highschool,582.0,12124.0,1,116.0,west,0
10472,37.0,47281.0,unemployed,master,811.0,19990.0,1,33.0,east,1
10473,42.0,53749.0,self-employed,master,730.0,23585.0,1,,north,0
10474,47.0,25494.0,salaried,master,589.0,13134.0,1,31.0,north,0
10475,36.0,40874.0,salaried,highschool,696.0,12977.0,2,,east,0
10476,53.0,14533.0,salaried,bachelor,673.0,5069.0,2,58.0,east,0
10477,26.0,44616.0,self-employed,bachelor,604.0,8387.0,0,146.0,east,0
10478,40.0,58752.0,salaried,master,718.0,23932.0,1,112.0,central,0
10479,71.0,34890.0,salaried,highschool,685.0,8649.0,2,131.0,north,0
10480,43.0,99535.0,salaried,master,669.0,35217.0,2,91.0,west,0
10481,57.0,25832.0,self-employed,bachelor,646.0,12484.0,2,47.0,west,1
10482,41.0,44744.0,unemployed,master,689.0,4868.0,4,43.0,west,1
10483,47.0,39422.0,,bachelor,671.0,15058.0,1,33.0,south,0
10484,39.0,38172.0,salaried,master,655.0,7128.0,0,7.0,east,0
10485,38.0,37905.0,salaried,bachelor,592.0,9086.0,1,46.0,north,0
10486,31.0,42343.0,salaried,highschool,802.0,4969.0,6,117.0,north,1
10487,45.0,61327.0,self-employed,bachelor,555.0,11329.0,2,116.0,central,0
10488,30.0,,salaried,master,688.0,47422.0,0,,west,0
10489,48.0,40090.0,self-employed,highschool,621.0,24024.0,0,,central,0
10490,,60334.0,,bachelor,808.0,27749.0,1,24.0,west,0
10491,44.0,28258.0,unemployed,phd,569.0,11471.0,2,74.0,south,1
10492,37.0,58864.0,salaried,master,584.0,28755.0,4,147.0,central,0
10493,45.0,27419.0,salaried,bachelor,563.0,15033.0,1,125.0,west,0
10494,36.0,69240.0,unemployed,master,679.0,24902.0,0,40.0,north,0
10495,51.0,121215.0,unemployed,highschool,526.0,14260.0,1,,north,1
10496,18.0,37758.0,salaried,bachelor,607.0,17169.0,1,25.0,west,0
10497,,13410.0,self-employed,bachelor,456.0,7943.0,1,,west,0
10498,18.0,30515.0,self-employed,master,672.0,6989.0,0,38.0,north,0
10499,22.0,74305.0,salaried,highschool,605.0,24650.0,1,45.0,east,0
10500,56.0,52920.0,,highschool,516.0,14851.0,1,79.0,central,1
10501,,45454.0,self-employed,bachelor,748.0,13420.0,0,44.0,west,1
10502,31.0,66459.0,self-employed,bachelor,532.0,30617.0,0,,central,0
10503,22.0,51135.0,salaried,master,722.0,14788.0,3,18.0,south,0
10504,18.0,,salaried,bachelor,587.0,42095.0,1,,north,0
10505,33.0,63558.0,self-employed,master,794.0,31450.0,0,,south,0
10506,,85892.0,salaried,bachelor,717.0,9777.0,1,16.0,west,0
10507,45.0,48021.0,self-employed,master,559.0,24456.0,1,43.0,central,0
10508,33.0,,self-employed,bachelor,567.0,30698.0,1,19.0,west,0
10509,46.0,34421.0,salaried,highschool,704.0,12331.0,1,41.0,north,0
10510,21.0,29711.0,salaried,highschool,626.0,10352.0,2,58.0,east,0
10511,36.0,94220.0,salaried,master,635.0,48783.0,0,118.0,north,0
10512,41.0,44717.0,salaried,highschool,765.0,13969.0,0,31.0,west,1
10513,39.0,60020.0,self-employed,bachelor,583.0,10788.0,0,57.0,east,0
10514,49.0,42696.0,self-employed,highschool,658.0,10949.0,0,36.0,east,0
10515,44.0,29934.0,self-employed,master,736.0,6963.0,0,18.0,east,1
10516,,40356.0,salaried,highschool,723.0,17778.0,4,118.0,west,0
10517,32.0,82289.0,self-employed,bachelor,636.0,15589.0,4,,north,1
10518,51.0,52977.0,salaried,bachelor,624.0,22377.0,1,,central,0
10519,60.0,17056.0,self-employed,highschool,494.0,5679.0,0,129.0,east,0
10520,28.0,36040.0,salaried,bachelor,555.0,18735.0,1,41.0,east,0
10521,,97846.0,salaried,master,679.0,33512.0,0,,south,0
10522,56.0,36066.0,salaried,bachelor,638.0,20374.0,0,31.0,north,0
10523,38.0,16314.0,salaried,phd,657.0,8976.0,0,21.0,west,0
10524,57.0,,unemployed,master,744.0,19923.0,2,100.0,south,0
10525,35.0,56455.0,salaried,bachelor,543.0,25014.0,1,150.0,central,1
10526,57.0,38754.0,salaried,bachelor,629.0,8034.0,2,,west,0
10527,42.0,33333.0,self-employed,master,667.0,17055.0,1,81.0,east,1
10528,43.0,68953.0,salaried,bachelor,587.0,28813.0,3,93.0,north,0
10529,59.0,30608.0,salaried,bachelor,779.0,7562.0,3,134.0,east,0
10530,36.0,71263.0,,master,732.0,16003.0,1,147.0,central,0
10531,29.0,52633.0,salaried,master,676.0,16568.0,0,13.0,east,0
10532,35.0,45358.0,self-employed,bachelor,811.0,22695.0,1,37.0,west,0
10533,,43164.0,salaried,highschool,515.0,21499.0,0,54.0,north,0
10534,21.0,36773.0,salaried,bachelor,649.0,4291.0,4,34.0,east,0
10535,48.0,67699.0,salaried,bachelor,683.0,17002.0,1,45.0,west,0
10536,34.0,26038.0,,bachelor,568.0,8109.0,0,,east,1
10537,54.0,17837.0,self-employed,bachelor,677.0,7006.0,1,9.0,central,0
10538,18.0,54569.0,salaried,bachelor,550.0,9537.0,1,,east,1
10539,31.0,55029.0,,highschool,712.0,14728.0,0,91.0,central,0
10540,,51028.0,salaried,bachelor,745.0,27698.0,0,55.0,west,1
10541,30.0,49211.0,salaried,bachelor,675.0,16647.0,1,8.0,central,0
10542,,34191.0,self-employed,master,483.0,16141.0,1,43.0,east,0
10543,38.0,59501.0,self-employed,highschool,563.0,20372.0,1,65.0,east,0
10544,37.0,39231.0,salaried,master,701.0,13044.0,1,95.0,south,0
10545,38.0,31459.0,self-employed,highschool,652.0,12929.0,0,87.0,west,0
10546,42.0,34340.0,self-employed,phd,408.0,7887.0,1,,central,0
10547,28.0,110230.0,self-employed,master,762.0,24791.0,1,35.0,north,0
10548,48.0,16857.0,self-employed,highschool,662.0,10024.0,0,52.0,central,0
10549,48.0,51529.0,salaried,phd,576.0,27542.0,0,15.0,central,0
10550,45.0,17334.0,unemployed,bachelor,740.0,8128.0,2,,west,0
10551,47.0,38021.0,salaried,bachelor,589.0,6409.0,1,,east,0
10552,44.0,32312.0,salaried,master,588.0,3719.0,3,52.0,central,0
10553,64.0,14150.0,salaried,master,682.0,2656.0,2,,south,0
10554,39.0,48753.0,self-employed,bachelor,810.0,27734.0,0,,west,0
10555,36.0,33189.0,salaried,phd,796.0,16865.0,3,95.0,central,1
10556,31.0,14050.0,salaried,highschool,682.0,5080.0,2,49.0,central,1
10557,28.0,61070.0,self-employed,highschool,692.0,35689.0,1,65.0,east,0
10558,25.0,82249.0,salaried,highschool,721.0,14253.0,1,74.0,south,0
10559,,84547.0,,highschool,537.0,32092.0,1,93.0,central,0
10560,39.0,48025.0,salaried,bachelor,708.0,9202.0,2,60.0,west,0
10561,44.0,41070.0,self-employed,highschool,584.0,10399.0,0,50.0,west,0
10562,41.0,77970.0,salaried,bachelor,679.0,44448.0,1,24.0,west,0
10563,31.0,93078.0,salaried,highschool,630.0,49717.0,1,19.0,central,0
10564,51.0,70741.0,,bachelor,695.0,10675.0,1,59.0,east,0
10565,49.0,25065.0,unemployed,bachelor,661.0,5634.0,1,66.0,east,0
10566,38.0,44386.0,self-employed,highschool,373.0,17632.0,0,72.0,central,0
10567,32.0,49999.0,salaried,bachelor,666.0,6534.0,1,31.0,east,0
10568,47.0,16239.0,self-employed,master,708.0,6090.0,2,38.0,south,0
10569,42.0,50751.0,self-employed,bachelor,690.0,19907.0,0,58.0,west,0
10570,23.0,125053.0,self-employed,master,641.0,30699.0,1,41.0,south,0
10571,39.0,55269.0,salaried,phd,798.0,13627.0,0,184.0,north,0
10572,43.0,83843.0,salaried,highschool,678.0,17988.0,1,37.0,south,0
10573,,43979.0,self-employed,bachelor,689.0,24973.0,0,68.0,north,0
10574,42.0,38692.0,salaried,highschool,744.0,11392.0,1,,central,0
10575,23.0,48564.0,salaried,bachelor,683.0,19068.0,0,89.0,central,0
10576,56.0,26691.0,salaried,bachelor,569.0,6694.0,2,40.0,south,1
10577,55.0,,salaried,bachelor,431.0,11188.0,0,74.0,central,1
10578,,75596.0,self-employed,master,607.0,11394.0,1,69.0,west,0
10579,44.0,79712.0,salaried,bachelor,718.0,10826.0,1,76.0,central,0
10580,18.0,24451.0,self-employed,master,618.0,11545.0,2,58.0,north,0
10581,26.0,65121.0,self-employed,bachelor,722.0,30173.0,0,86.0,north,0
10582,36.0,,salaried,highschool,663.0,8934.0,0,62.0,central,0
10583,27.0,47567.0,salaried,highschool,766.0,13201.0,0,22.0,south,0
10584,49.0,50519.0,,bachelor,623.0,29232.0,2,61.0,east,0
10585,64.0,65985.0,salaried,bachelor,692.0,10041.0,0,65.0,central,0
10586,26.0,41830.0,self-employed,highschool,696.0,8013.0,2,83.0,south,1
10587,,81233.0,self-employed,bachelor,785.0,25590.0,2,,north,0
10588,43.0,46850.0,self-employed,highschool,496.0,11293.0,1,136.0,west,1
10589,59.0,54835.0,unemployed,bachelor,609.0,23278.0,0,,east,1
10590,25.0,26459.0,salaried,bachelor,726.0,11782.0,1,39.0,north,0
10591,43.0,118105.0,self-employed,highschool,789.0,42895.0,2,113.0,south,0
10592,62.0,50762.0,salaried,highschool,672.0,20589.0,1,50.0,east,0
10593,20.0,57325.0,salaried,highschool,624.0,18156.0,0,,central,0
10594,25.0,17960.0,salaried,bachelor,718.0,8624.0,1,65.0,south,0
10595,35.0,26600.0,salaried,master,728.0,3220.0,1,62.0,east,0
10596,34.0,74529.0,self-employed,highschool,618.0,19113.0,2,,north,0
10597,50.0,46325.0,self-employed,bachelor,680.0,20486.0,2,80.0,south,0
10598,43.0,15415.0,salaried,bachelor,756.0,4082.0,1,37.0,south,0
10599,19.0,67450.0,salaried,bachelor,820.0,9394.0,0,,east,0
10600,46.0,30580.0,salaried,highschool,717.0,8333.0,1,,west,1
10601,33.0,81280.0,self-employed,highschool,654.0,37043.0,2,106.0,north,1
10602,55.0,38410.0,salaried,master,645.0,6184.0,0,47.0,north,0
10603,32.0,,salaried,phd,700.0,20555.0,0,85.0,west,0
10604,32.0,72365.0,salaried,bachelor,640.0,35294.0,0,81.0,south,0
10605,46.0,25623.0,self-employed,bachelor,667.0,10702.0,1,56.0,west,0
10606,49.0,24430.0,self-employed,highschool,555.0,5426.0,2,31.0,north,0
10607,45.0,36379.0,salaried,highschool,767.0,18286.0,0,82.0,west,0
10608,20.0,60693.0,salaried,highschool,547.0,12577.0,0,55.0,central,0
10609,46.0,20631.0,salaried,bachelor,611.0,11407.0,2,24.0,east,0
10610,28.0,17431.0,self-employed,highschool,659.0,7902.0,2,,east,0
10611,43.0,60589.0,salaried,highschool,829.0,7717.0,1,18.0,south,0
10612,23.0,29688.0,self-employed,highschool,612.0,14834.0,1,42.0,south,0
10613,45.0,32988.0,unemployed,highschool,590.0,11652.0,0,57.0,north,0
10614,,15861.0,salaried,bachelor,600.0,5176.0,0,51.0,east,1
10615,,28581.0,salaried,bachelor,799.0,8868.0,2,48.0,central,0
10616,49.0,39983.0,salaried,bachelor,397.0,16126.0,1,,north,1
10617,43.0,63907.0,salaried,bachelor,560.0,29544.0,0,73.0,east,1
10618,33.0,27293.0,unemployed,bachelor,850.0,14956.0,1,,central,0
10619,57.0,91921.0,,master,703.0,21737.0,2,96.0,east,0
10620,35.0,28502.0,salaried,highschool,550.0,11839.0,4,34.0,west,1
10621,40.0,28523.0,unemployed,highschool,646.0,12640.0,0,101.0,south,1
10622,43.0,86567.0,salaried,master,656.0,37864.0,1,55.0,west,0
10623,33.0,,salaried,bachelor,726.0,15458.0,2,44.0,central,0
10624,46.0,30454.0,self-employed,bachelor,816.0,9000.0,0,28.0,east,0
10625,34.0,37139.0,salaried,highschool,685.0,17871.0,2,,west,0
10626,35.0,78947.0,salaried,highschool,601.0,19737.0,0,70.0,west,0
10627,56.0,83542.0,self-employed,highschool,721.0,17045.0,3,69.0,north,1
10628,28.0,26678.0,salaried,master,587.0,9949.0,3,39.0,north,0
10629,,39292.0,unemployed,bachelor,557.0,9187.0,1,39.0,west,0
10630,59.0,41985.0,salaried,highschool,492.0,4896.0,2,50.0,south,1
10631,71.0,24511.0,salaried,highschool,509.0,3083.0,3,44.0,east,0
10632,35.0,39033.0,unemployed,highschool,569.0,17467.0,1,,east,0
10633,18.0,40242.0,salaried,highschool,544.0,23605.0,2,26.0,west,1
10634,36.0,70977.0,salaried,bachelor,678.0,23234.0,2,102.0,central,0
10635,37.0,73402.0,salaried,bachelor,542.0,12738.0,1,41.0,central,0
10636,38.0,34044.0,salaried,master,367.0,17330.0,2,68.0,north,0
10637,27.0,36063.0,salaried,bachelor,556.0,8320.0,1,,west,0
10638,47.0,55946.0,salaried,master,608.0,33445.0,0,70.0,west,1
10639,46.0,,salaried,master,596.0,11431.0,1,78.0,central,0
10640,22.0,53870.0,salaried,master,787.0,11653.0,2,70.0,east,0
10641,48.0,38409.0,self-employed,phd,595.0,13366.0,2,36.0,east,0
10642,65.0,24718.0,unemployed,highschool,729.0,6617.0,2,45.0,east,0
10643,42.0,24874.0,salaried,highschool,648.0,12182.0,0,101.0,south,0
10644,36.0,82746.0,unemployed,highschool,646.0,12653.0,1,,south,0
10645,38.0,37115.0,self-employed,bachelor,575.0,19616.0,2,55.0,west,1
10646,47.0,91142.0,unemployed,bachelor,645.0,44083.0,2,73.0,north,1
10647,19.0,31045.0,self-employed,highschool,581.0,16475.0,2,121.0,west,0
10648,42.0,46425.0,salaried,master,665.0,25418.0,2,,central,0
10649,35.0,132765.0,salaried,master,629.0,28530.0,2,30.0,south,0
10650,62.0,23654.0,unemployed,bachelor,565.0,8527.0,1,,south,1
10651,38.0,15539.0,salaried,bachelor,739.0,8157.0,0,63.0,east,0
10652,,76366.0,self-employed,highschool,688.0,22046.0,0,46.0,central,0
10653,27.0,26545.0,self-employed,bachelor,610.0,3456.0,1,56.0,north,0
10654,47.0,39721.0,salaried,highschool,663.0,9764.0,0,36.0,east,0
10655,44.0,29943.0,salaried,bachelor,642.0,6616.0,1,50.0,south,0
10656,30.0,45894.0,unemployed,highschool,572.0,24555.0,0,40.0,central,1
10657,42.0,24953.0,salaried,highschool,656.0,8282.0,0,58.0,central,0
10658,55.0,36682.0,self-employed,bachelor,594.0,16205.0,3,45.0,north,0
10659,36.0,50257.0,unemployed,bachelor,565.0,29202.0,2,126.0,north,0
10660,20.0,24242.0,salaried,bachelor,504.0,6051.0,0,,north,1
10661,40.0,28281.0,salaried,phd,618.0,13592.0,1,53.0,central,0
10662,29.0,33736.0,salaried,highschool,701.0,3758.0,0,48.0,central,0
10663,36.0,,,master,587.0,2987.0,2,45.0,south,0
10664,39.0,32491.0,salaried,highschool,850.0,5879.0,0,24.0,north,0
10665,20.0,42591.0,salaried,highschool,730.0,10912.0,3,85.0,west,0
10666,21.0,32867.0,salaried,phd,767.0,9909.0,1,113.0,central,0
10667,46.0,35042.0,salaried,bachelor,722.0,11862.0,3,40.0,central,0
10668,34.0,39737.0,salaried,bachelor,817.0,8848.0,2,100.0,east,0
10669,18.0,28915.0,salaried,bachelor,579.0,3849.0,0,,west,0
10670,49.0,56700.0,self-employed,bachelor,420.0,24878.0,2,147.0,central,1
10671,43.0,82289.0,salaried,master,610.0,9202.0,1,110.0,central,0
10672,31.0,31819.0,self-employed,highschool,700.0,16060.0,0,26.0,east,1
10673,24.0,51154.0,unemployed,master,664.0,28880.0,0,26.0,south,1
10674,50.0,35603.0,self-employed,master,675.0,16206.0,0,78.0,south,0
10675,44.0,48182.0,self-employed,master,769.0,19176.0,0,55.0,south,0
10676,69.0,87806.0,salaried,bachelor,684.0,37626.0,1,13.0,central,0
10677,45.0,51758.0,salaried,bachelor,722.0,22055.0,0,43.0,west,0
10678,45.0,16536.0,,bachelor,565.0,9357.0,1,76.0,central,1
10679,,50362.0,salaried,bachelor,551.0,29319.0,1,50.0,west,0
10680,50.0,74342.0,salaried,master,795.0,23296.0,0,55.0,east,0
10681,48.0,35925.0,salaried,bachelor,659.0,14677.0,1,26.0,west,0
10682,55.0,66027.0,salaried,bachelor,594.0,33106.0,0,42.0,west,0
10683,34.0,28423.0,self-employed,master,594.0,2857.0,0,78.0,west,0
10684,35.0,19096.0,salaried,highschool,592.0,6942.0,1,41.0,south,0
10685,34.0,43070.0,salaried,master,586.0,18367.0,1,105.0,south,1
10686,49.0,16677.0,salaried,master,535.0,7648.0,0,56.0,north,1
10687,58.0,35600.0,salaried,highschool,515.0,10125.0,1,70.0,south,0
10688,34.0,,salaried,highschool,632.0,18928.0,0,77.0,central,0
10689,35.0,15446.0,salaried,bachelor,597.0,2951.0,1,,central,1
10690,44.0,21168.0,salaried,highschool,750.0,8021.0,1,30.0,north,0
10691,37.0,23956.0,self-employed,phd,676.0,13407.0,2,33.0,east,0
10692,51.0,38884.0,unemployed,highschool,674.0,21308.0,0,13.0,central,0
10693,18.0,33428.0,salaried,highschool,583.0,9359.0,2,45.0,west,0
10694,30.0,,salaried,highschool,639.0,18494.0,1,31.0,west,1
10695,31.0,64678.0,self-employed,master,682.0,31977.0,1,40.0,east,0
10696,18.0,51412.0,self-employed,bachelor,714.0,23778.0,1,48.0,south,0
10697,28.0,43166.0,unemployed,master,642.0,15223.0,1,60.0,central,0
10698,29.0,48855.0,salaried,phd,747.0,14389.0,4,50.0,north,1
10699,38.0,26082.0,salaried,bachelor,651.0,4223.0,1,50.0,central,0
10700,53.0,61612.0,salaried,highschool,721.0,30348.0,2,,central,0
10701,37.0,23017.0,self-employed,highschool,606.0,9408.0,2,54.0,south,0
10702,28.0,60943.0,salaried,master,487.0,17578.0,2,89.0,east,1
10703,39.0,72625.0,unemployed,highschool,674.0,40626.0,3,54.0,central,1
10704,53.0,44597.0,salaried,master,715.0,19170.0,2,121.0,east,1
10705,28.0,36750.0,self-employed,master,702.0,20750.0,3,29.0,south,0
10706,29.0,49028.0,salaried,bachelor,688.0,16533.0,2,45.0,north,0
10707,47.0,9597.0,salaried,bachelor,619.0,3141.0,1,36.0,east,0
10708,37.0,,salaried,phd,577.0,26545.0,0,62.0,south,1
10709,48.0,37923.0,self-employed,master,700.0,21992.0,3,,central,0
10710,40.0,39132.0,salaried,bachelor,688.0,22711.0,1,21.0,central,0
10711,48.0,57140.0,salaried,bachelor,600.0,29110.0,1,32.0,south,0
10712,28.0,38662.0,self-employed,bachelor,750.0,12805.0,1,22.0,south,0
10713,40.0,22695.0,unemployed,bachelor,571.0,4656.0,2,49.0,south,0
10714,37.0,37395.0,self-employed,master,597.0,10909.0,1,60.0,east,0
10715,25.0,41514.0,self-employed,bachelor,797.0,23627.0,2,19.0,west,0
10716,21.0,42509.0,salaried,master,728.0,11978.0,2,43.0,north,0
10717,48.0,43519.0,unemployed,highschool,618.0,20818.0,2,95.0,central,0
10718,36.0,67487.0,salaried,master,676.0,37894.0,1,111.0,west,0
10719,28.0,23318.0,unemployed,bachelor,664.0,13646.0,2,82.0,north,1
10720,39.0,43820.0,self-employed,bachelor,403.0,25146.0,3,9.0,south,0
10721,,76494.0,salaried,highschool,568.0,28879.0,0,57.0,west,0
10722,18.0,16860.0,salaried,master,645.0,5833.0,1,102.0,east,0
10723,22.0,43907.0,self-employed,bachelor,618.0,26073.0,1,41.0,east,0
10724,,29951.0,self-employed,bachelor,672.0,6262.0,1,25.0,north,0
10725,58.0,33344.0,self-employed,highschool,752.0,6461.0,1,,east,0
10726,43.0,25530.0,unemployed,highschool,621.0,14848.0,1,105.0,west,0
10727,49.0,36873.0,salaried,highschool,555.0,16393.0,1,,west,0
10728,26.0,100773.0,salaried,highschool,679.0,37100.0,1,25.0,east,0
10729,27.0,21328.0,salaried,bachelor,621.0,3541.0,2,17.0,east,0
10730,45.0,22364.0,salaried,bachelor,636.0,7975.0,0,65.0,south,0
10731,41.0,20932.0,salaried,bachelor,624.0,11975.0,1,37.0,west,1
10732,47.0,95198.0,unemployed,bachelor,850.0,38217.0,1,52.0,west,0
10733,38.0,31851.0,salaried,bachelor,448.0,9629.0,3,48.0,west,0
10734,43.0,39624.0,self-employed,highschool,615.0,14881.0,3,31.0,west,1
10735,,32814.0,self-employed,master,650.0,17820.0,3,16.0,central,0
10736,49.0,25029.0,salaried,bachelor,580.0,13927.0,1,41.0,central,1
10737,50.0,35683.0,self-employed,bachelor,731.0,10706.0,1,58.0,central,0
10738,21.0,137190.0,self-employed,master,723.0,55429.0,1,60.0,south,1
10739,18.0,80502.0,salaried,master,646.0,19288.0,0,35.0,north,0
10740,52.0,26200.0,salaried,bachelor,626.0,8529.0,0,104.0,north,0
10741,54.0,55481.0,salaried,bachelor,640.0,11648.0,0,26.0,west,0
10742,28.0,26482.0,self-employed,master,641.0,9686.0,2,7.0,central,0
10743,18.0,16512.0,salaried,master,643.0,6425.0,2,91.0,west,0
10744,41.0,66820.0,salaried,highschool,633.0,17969.0,1,57.0,west,0
10745,51.0,71686.0,unemployed,bachelor,673.0,16922.0,0,42.0,north,0
10746,62.0,67713.0,self-employed,master,718.0,11884.0,2,70.0,east,0
10747,46.0,31732.0,self-employed,master,539.0,5387.0,1,47.0,west,0
10748,36.0,36924.0,unemployed,highschool,555.0,16827.0,1,21.0,north,0
10749,29.0,58389.0,salaried,bachelor,493.0,12310.0,1,25.0,west,0
10750,40.0,48813.0,salaried,bachelor,728.0,7761.0,1,45.0,south,0
10751,36.0,32964.0,self-employed,highschool,673.0,19760.0,0,38.0,north,0
10752,28.0,17863.0,salaried,bachelor,695.0,4108.0,1,,west,0
10753,,42486.0,salaried,bachelor,521.0,23284.0,2,37.0,east,0
10754,61.0,68838.0,self-employed,highschool,811.0,27851.0,2,36.0,east,0
10755,54.0,22053.0,salaried,highschool,595.0,10090.0,2,,east,0
10756,29.0,55237.0,salaried,master,665.0,21015.0,0,31.0,west,0
10757,50.0,47371.0,salaried,master,727.0,9020.0,0,32.0,east,0
10758,48.0,58400.0,self-employed,master,561.0,30574.0,2,23.0,central,1
10759,,62068.0,salaried,master,601.0,31902.0,2,59.0,central,0
10760,55.0,28361.0,salaried,phd,666.0,7795.0,3,49.0,east,1
10761,48.0,17881.0,self-employed,bachelor,850.0,8618.0,0,48.0,north,1
10762,49.0,30738.0,unemployed,highschool,677.0,11420.0,0,18.0,south,0
10763,48.0,62603.0,salaried,master,795.0,34715.0,1,,west,1
10764,44.0,30607.0,salaried,bachelor,759.0,15347.0,1,70.0,south,0
10765,19.0,28367.0,salaried,bachelor,683.0,3418.0,1,118.0,west,0
10766,41.0,16144.0,salaried,phd,561.0,8712.0,1,68.0,west,0
10767,33.0,96406.0,salaried,highschool,745.0,56328.0,3,131.0,east,1
10768,25.0,60649.0,salaried,master,515.0,28570.0,4,35.0,north,0
10769,60.0,58980.0,salaried,bachelor,794.0,9434.0,1,122.0,east,0
10770,61.0,65112.0,salaried,highschool,668.0,32796.0,1,70.0,west,0
10771,,53549.0,salaried,master,411.0,22691.0,1,65.0,north,0
10772,43.0,35519.0,self-employed,master,619.0,9569.0,2,,central,0
10773,56.0,36979.0,salaried,bachelor,709.0,20043.0,0,41.0,north,0
10774,40.0,32410.0,salaried,bachelor,629.0,12406.0,2,36.0,east,0
10775,42.0,149847.0,salaried,highschool,714.0,78889.0,1,124.0,east,0
10776,27.0,52995.0,,highschool,573.0,23056.0,1,,west,1
10777,45.0,31828.0,salaried,highschool,532.0,7774.0,1,70.0,south,0
10778,41.0,50653.0,salaried,highschool,644.0,29759.0,2,79.0,south,0
10779,24.0,,self-employed,highschool,653.0,9333.0,1,78.0,central,0
10780,39.0,85157.0,self-employed,bachelor,619.0,30518.0,3,59.0,south,0
10781,39.0,28838.0,self-employed,highschool,760.0,8702.0,3,121.0,west,0
10782,62.0,51562.0,salaried,bachelor,573.0,8671.0,1,67.0,south,0
10783,51.0,68390.0,salaried,highschool,678.0,30304.0,2,36.0,north,0
10784,40.0,48649.0,salaried,highschool,656.0,15344.0,1,,east,0
10785,43.0,42076.0,salaried,master,510.0,23870.0,2,18.0,south,0
10786,41.0,40352.0,salaried,phd,531.0,23507.0,1,63.0,south,1
10787,38.0,39018.0,salaried,master,651.0,18878.0,2,74.0,central,0
10788,27.0,30081.0,salaried,highschool,828.0,6655.0,1,77.0,west,0
10789,38.0,,unemployed,bachelor,702.0,14682.0,0,70.0,south,0
10790,31.0,84103.0,,highschool,495.0,9269.0,2,,east,0
10791,25.0,38015.0,salaried,bachelor,370.0,19509.0,4,53.0,west,0
10792,46.0,27095.0,unemployed,master,716.0,9397.0,3,53.0,north,0
10793,45.0,31003.0,self-employed,bachelor,641.0,17621.0,1,90.0,north,0
10794,19.0,69577.0,salaried,master,753.0,20099.0,0,,east,0
10795,39.0,56264.0,self-employed,bachelor,571.0,13030.0,1,40.0,central,0
10796,52.0,53112.0,salaried,highschool,682.0,31736.0,4,27.0,central,0
10797,53.0,35286.0,self-employed,highschool,726.0,12891.0,1,147.0,east,0
10798,52.0,53460.0,salaried,master,610.0,28419.0,2,100.0,west,0
10799,40.0,29092.0,unemployed,bachelor,612.0,16161.0,0,41.0,east,0
10800,30.0,35249.0,salaried,highschool,652.0,12663.0,1,21.0,central,0
10801,27.0,65180.0,self-employed,highschool,699.0,21370.0,1,25.0,east,0
10802,44.0,62140.0,salaried,phd,649.0,23392.0,4,90.0,central,0
10803,45.0,24564.0,salaried,highschool,738.0,12868.0,3,18.0,south,0
10804,55.0,,salaried,phd,608.0,15238.0,0,53.0,central,0
10805,53.0,42377.0,self-employed,bachelor,530.0,11194.0,2,82.0,west,0
10806,,95136.0,salaried,highschool,828.0,44649.0,1,24.0,west,0
10807,25.0,15401.0,unemployed,bachelor,596.0,3738.0,1,53.0,north,0
10808,36.0,,salaried,master,599.0,18704.0,1,,central,0
10809,43.0,20171.0,,bachelor,644.0,10134.0,0,38.0,north,0
10810,38.0,29227.0,self-employed,highschool,656.0,15877.0,1,34.0,central,0
10811,,33449.0,salaried,highschool,615.0,10850.0,1,85.0,north,0
10812,43.0,,self-employed,master,648.0,9265.0,2,,central,0
10813,34.0,30733.0,self-employed,bachelor,646.0,6968.0,0,45.0,west,0
10814,32.0,40280.0,self-employed,bachelor,666.0,6715.0,6,65.0,south,0
10815,44.0,30711.0,salaried,highschool,438.0,8675.0,3,53.0,central,0
10816,35.0,19318.0,self-employed,bachelor,819.0,10354.0,1,15.0,south,0
10817,43.0,,salaried,master,637.0,18340.0,2,44.0,north,0
10818,43.0,58480.0,salaried,highschool,702.0,15126.0,0,13.0,north,0
10819,26.0,61181.0,salaried,phd,526.0,28728.0,1,39.0,central,0
10820,,18576.0,self-employed,master,608.0,3860.0,1,52.0,south,0
10821,57.0,46605.0,unemployed,highschool,589.0,10633.0,2,78.0,central,0
10822,26.0,56274.0,salaried,master,782.0,31961.0,1,,north,0
10823,18.0,23966.0,,bachelor,597.0,3374.0,1,87.0,north,0
10824,18.0,40319.0,salaried,bachelor,718.0,12391.0,1,31.0,central,0
10825,,37868.0,salaried,highschool,591.0,14707.0,2,104.0,north,0
10826,40.0,100818.0,self-employed,master,609.0,21689.0,1,112.0,west,0
10827,39.0,105056.0,self-employed,bachelor,628.0,25267.0,3,,south,0
10828,55.0,17463.0,self-employed,master,766.0,3683.0,1,17.0,east,0
10829,18.0,139660.0,self-employed,highschool,480.0,38070.0,3,51.0,north,0
10830,45.0,25397.0,salaried,highschool,532.0,13949.0,1,37.0,south,0
10831,,65535.0,salaried,phd,475.0,20695.0,3,41.0,west,0
10832,26.0,65202.0,salaried,bachelor,552.0,20142.0,1,61.0,east,1
10833,35.0,24396.0,unemployed,highschool,577.0,7155.0,0,89.0,east,1
10834,,51361.0,self-employed,master,505.0,29895.0,0,30.0,central,1
10835,29.0,38034.0,salaried,highschool,584.0,6034.0,0,97.0,east,0
10836,36.0,52953.0,salaried,master,469.0,28380.0,0,34.0,central,0
10837,57.0,45041.0,salaried,master,558.0,11872.0,1,158.0,west,1
10838,62.0,72997.0,unemployed,highschool,758.0,42211.0,1,105.0,east,1
10839,36.0,41677.0,salaried,bachelor,686.0,10737.0,4,,south,0
10840,63.0,36904.0,salaried,phd,667.0,5220.0,2,21.0,south,0
10841,40.0,69427.0,salaried,master,560.0,24995.0,1,35.0,central,0
10842,61.0,53648.0,self-employed,bachelor,512.0,11477.0,0,32.0,south,0
10843,39.0,57867.0,self-employed,bachelor,547.0,27573.0,1,73.0,west,1
10844,42.0,28788.0,salaried,bachelor,646.0,12340.0,1,13.0,north,0
10845,44.0,23798.0,self-employed,highschool,728.0,10548.0,0,18.0,south,0
10846,78.0,30216.0,salaried,bachelor,731.0,5945.0,1,,central,0
10847,50.0,29425.0,,highschool,707.0,13368.0,1,32.0,east,1
10848,32.0,59462.0,salaried,highschool,584.0,15202.0,0,39.0,central,0
10849,52.0,65381.0,salaried,bachelor,652.0,39185.0,0,81.0,south,0
10850,,37139.0,salaried,master,621.0,17303.0,1,91.0,west,0
10851,34.0,,self-employed,highschool,632.0,32439.0,1,,central,0
10852,51.0,79557.0,salaried,highschool,833.0,42449.0,2,78.0,central,0
10853,40.0,45329.0,salaried,highschool,491.0,17889.0,2,46.0,east,1
10854,43.0,26610.0,salaried,highschool,629.0,10015.0,2,44.0,west,0
10855,40.0,88229.0,salaried,phd,759.0,19292.0,0,,central,0
10856,44.0,,self-employed,bachelor,518.0,17092.0,3,24.0,central,1
10857,45.0,42748.0,salaried,highschool,592.0,12283.0,1,29.0,central,0
10858,18.0,33867.0,salaried,phd,602.0,4116.0,1,95.0,north,0
10859,48.0,25722.0,self-employed,highschool,630.0,13068.0,2,34.0,east,0
10860,28.0,19258.0,salaried,bachelor,506.0,2425.0,0,24.0,west,0
10861,23.0,55074.0,self-employed,master,704.0,24021.0,1,99.0,west,0
10862,39.0,27127.0,salaried,master,710.0,4838.0,1,59.0,north,0
10863,41.0,185306.0,unemployed,highschool,696.0,58610.0,1,10.0,east,0
10864,32.0,23318.0,self-employed,bachelor,572.0,12348.0,1,126.0,north,0
10865,50.0,21403.0,salaried,bachelor,658.0,3151.0,1,118.0,north,0
10866,24.0,51796.0,salaried,bachelor,569.0,22457.0,2,25.0,north,0
10867,35.0,86220.0,self-employed,highschool,620.0,35032.0,2,49.0,central,0
10868,33.0,41452.0,self-employed,master,844.0,22126.0,4,28.0,south,1
10869,39.0,53430.0,salaried,bachelor,659.0,9958.0,1,27.0,east,0
10870,43.0,15966.0,salaried,bachelor,543.0,7981.0,1,,south,1
10871,,28602.0,,master,666.0,9297.0,2,74.0,central,0
10872,49.0,23463.0,self-employed,master,528.0,7375.0,2,74.0,central,1
10873,41.0,15560.0,self-employed,master,542.0,4371.0,2,69.0,west,0
10874,,42552.0,salaried,highschool,556.0,12459.0,2,46.0,central,1
10875,18.0,13077.0,salaried,highschool,610.0,4707.0,2,76.0,north,0
10876,40.0,20721.0,self-employed,bachelor,734.0,3179.0,2,24.0,central,0
10877,37.0,30681.0,unemployed,highschool,702.0,9589.0,3,60.0,east,0
10878,39.0,26486.0,salaried,bachelor,697.0,11283.0,3,53.0,east,1
10879,40.0,48933.0,salaried,bachelor,551.0,17082.0,1,45.0,north,0
10880,43.0,46760.0,salaried,bachelor,601.0,8553.0,3,61.0,central,0
10881,51.0,62749.0,self-employed,highschool,674.0,17665.0,0,12.0,north,0
10882,27.0,58465.0,salaried,master,593.0,18796.0,2,,central,0
10883,26.0,70998.0,salaried,bachelor,625.0,30844.0,1,71.0,west,0
10884,27.0,40096.0,self-employed,bachelor,690.0,22068.0,2,52.0,west,1
10885,43.0,46711.0,salaried,bachelor,619.0,17525.0,2,19.0,north,1
10886,55.0,51832.0,,highschool,670.0,22712.0,1,,west,0
10887,35.0,43081.0,salaried,bachelor,793.0,5971.0,0,38.0,central,0
10888,18.0,32906.0,salaried,highschool,635.0,18994.0,1,96.0,south,1
10889,20.0,33989.0,salaried,bachelor,756.0,8756.0,2,25.0,east,0
10890,30.0,26668.0,salaried,highschool,700.0,7391.0,5,25.0,north,0
10891,33.0,49554.0,salaried,highschool,518.0,10477.0,1,65.0,east,0
10892,35.0,38292.0,salaried,highschool,551.0,5450.0,2,47.0,west,0
10893,40.0,28808.0,self-employed,highschool,575.0,14261.0,3,,south,1
10894,,28822.0,self-employed,master,573.0,6348.0,2,159.0,west,0
10895,53.0,,salaried,master,642.0,5288.0,0,75.0,north,0
10896,32.0,65475.0,self-employed,highschool,705.0,12499.0,2,,west,0
10897,30.0,41744.0,salaried,highschool,763.0,24522.0,0,17.0,east,0
10898,46.0,26072.0,self-employed,master,678.0,12789.0,1,41.0,south,1
10899,22.0,60131.0,self-employed,highschool,610.0,33971.0,3,23.0,south,0
10900,45.0,30326.0,self-employed,bachelor,463.0,16099.0,1,29.0,south,1
10901,41.0,19866.0,self-employed,highschool,656.0,10989.0,4,30.0,west,1
10902,38.0,66877.0,salaried,bachelor,652.0,22706.0,1,92.0,west,0
10903,59.0,30683.0,salaried,phd,666.0,5685.0,2,20.0,east,0
10904,33.0,,salaried,highschool,840.0,8618.0,1,,north,0
10905,65.0,40970.0,salaried,phd,762.0,10088.0,0,,south,0
10906,37.0,71061.0,self-employed,master,721.0,32586.0,2,67.0,central,1
10907,25.0,40539.0,salaried,phd,563.0,4574.0,1,28.0,east,1
10908,41.0,22036.0,salaried,master,604.0,3769.0,0,80.0,east,0
10909,27.0,52677.0,salaried,master,641.0,23254.0,0,26.0,south,1
10910,31.0,31493.0,self-employed,bachelor,580.0,5093.0,1,113.0,central,0
10911,45.0,103152.0,salaried,master,695.0,12806.0,1,93.0,south,0
10912,47.0,40112.0,salaried,highschool,682.0,6202.0,1,124.0,west,0
10913,,13128.0,self-employed,bachelor,552.0,5846.0,0,53.0,west,0
10914,52.0,47987.0,salaried,bachelor,758.0,8142.0,2,47.0,south,0
10915,54.0,106117.0,self-employed,highschool,659.0,18374.0,1,,north,0
10916,57.0,88253.0,salaried,highschool,494.0,18988.0,2,157.0,south,0
10917,46.0,100255.0,salaried,highschool,645.0,47667.0,1,73.0,south,0
10918,56.0,24104.0,unemployed,bachelor,675.0,4825.0,2,,west,0
10919,,63328.0,salaried,highschool,738.0,7453.0,0,106.0,east,0
10920,36.0,27973.0,salaried,highschool,620.0,15467.0,0,46.0,east,0
10921,30.0,44898.0,salaried,highschool,725.0,24162.0,4,7.0,east,1
10922,41.0,,unemployed,bachelor,667.0,4086.0,5,32.0,central,1
10923,33.0,29079.0,self-employed,highschool,532.0,6766.0,2,93.0,central,0
10924,38.0,28620.0,salaried,highschool,523.0,5560.0,1,67.0,north,0
10925,63.0,62899.0,salaried,highschool,751.0,28919.0,1,75.0,central,0
10926,38.0,59896.0,salaried,bachelor,758.0,13477.0,2,105.0,south,1
10927,45.0,46093.0,self-employed,highschool,679.0,26076.0,0,15.0,west,0
10928,37.0,20431.0,salaried,phd,785.0,10498.0,1,33.0,central,0
10929,41.0,34344.0,salaried,highschool,745.0,13538.0,1,54.0,east,0
10930,40.0,27638.0,salaried,highschool,712.0,2887.0,2,,west,0
10931,,61997.0,unemployed,bachelor,568.0,33592.0,3,26.0,east,1
10932,54.0,72337.0,salaried,master,806.0,33556.0,1,,north,1
10933,60.0,68063.0,salaried,bachelor,698.0,33620.0,3,52.0,north,0
10934,44.0,27512.0,unemployed,highschool,615.0,3739.0,0,32.0,south,0
10935,47.0,10201.0,salaried,bachelor,590.0,4634.0,2,,central,0
10936,26.0,16589.0,salaried,bachelor,673.0,8333.0,2,47.0,south,0
10937,39.0,81700.0,salaried,bachelor,500.0,47249.0,0,37.0,east,1
10938,51.0,32839.0,salaried,phd,713.0,12815.0,0,80.0,east,0
10939,50.0,27574.0,salaried,phd,564.0,9762.0,3,72.0,south,1
10940,43.0,91247.0,salaried,bachelor,683.0,28533.0,2,82.0,east,0
10941,51.0,75552.0,salaried,highschool,603.0,34047.0,2,86.0,west,0
10942,46.0,,salaried,bachelor,626.0,22769.0,1,120.0,central,0
10943,54.0,34659.0,self-employed,phd,582.0,13859.0,1,18.0,west,0
10944,43.0,,salaried,master,635.0,8026.0,1,20.0,central,0
10945,36.0,44962.0,self-employed,highschool,820.0,4891.0,1,76.0,east,0
10946,44.0,89324.0,salaried,highschool,775.0,36583.0,0,39.0,west,0
10947,18.0,49575.0,salaried,highschool,682.0,26389.0,1,36.0,north,0
10948,45.0,57700.0,salaried,master,648.0,7673.0,0,33.0,north,0
10949,18.0,72015.0,salaried,bachelor,726.0,21517.0,0,84.0,central,1
10950,19.0,22363.0,self-employed,highschool,752.0,12747.0,0,151.0,west,0
10951,45.0,58538.0,salaried,highschool,575.0,20537.0,2,86.0,north,0
10952,46.0,34638.0,self-employed,highschool,643.0,7285.0,1,38.0,east,0
10953,26.0,11407.0,unemployed,master,486.0,3158.0,1,81.0,central,0
10954,31.0,13848.0,salaried,bachelor,751.0,4211.0,1,19.0,north,0
10955,56.0,24123.0,unemployed,highschool,836.0,3827.0,1,,east,0
10956,34.0,52345.0,salaried,bachelor,657.0,22529.0,3,45.0,central,1
10957,67.0,42485.0,salaried,bachelor,459.0,16827.0,2,15.0,central,0
10958,40.0,44010.0,salaried,bachelor,705.0,18654.0,2,39.0,south,0
10959,45.0,106454.0,,master,569.0,43156.0,1,57.0,central,0
10960,,21279.0,self-employed,highschool,590.0,2305.0,1,167.0,west,1
10961,42.0,39588.0,unemployed,highschool,706.0,7412.0,0,99.0,east,0
10962,28.0,46734.0,self-employed,highschool,673.0,8542.0,2,15.0,west,0
10963,39.0,27774.0,salaried,bachelor,606.0,4138.0,6,16.0,central,0
10964,40.0,40707.0,self-employed,master,592.0,19040.0,1,32.0,south,0
10965,24.0,18034.0,unemployed,highschool,661.0,2887.0,0,132.0,north,0
10966,37.0,81223.0,self-employed,master,613.0,35259.0,1,16.0,west,1
10967,31.0,28544.0,salaried,bachelor,550.0,5400.0,2,33.0,north,0
10968,51.0,110824.0,self-employed,phd,620.0,17638.0,1,33.0,west,0
10969,40.0,39488.0,salaried,bachelor,681.0,7158.0,1,,south,0
10970,37.0,67106.0,unemployed,highschool,634.0,23769.0,0,,west,0
10971,39.0,39079.0,unemployed,master,523.0,16520.0,2,73.0,west,1
10972,,39523.0,self-employed,master,739.0,19997.0,1,,north,1
10973,47.0,29971.0,salaried,bachelor,404.0,4924.0,1,19.0,north,1
10974,28.0,42598.0,salaried,master,610.0,17384.0,2,55.0,west,0
10975,28.0,47052.0,unemployed,bachelor,594.0,22910.0,0,107.0,east,1
10976,53.0,27116.0,self-employed,bachelor,663.0,6947.0,1,127.0,north,0
10977,35.0,37702.0,self-employed,highschool,701.0,5273.0,0,64.0,central,0
10978,23.0,29583.0,unemployed,bachelor,751.0,5265.0,1,15.0,south,0
10979,45.0,126732.0,salaried,highschool,586.0,18475.0,0,65.0,central,0
10980,46.0,38374.0,self-employed,highschool,703.0,20860.0,4,47.0,north,0
10981,22.0,86909.0,salaried,highschool,668.0,25060.0,1,17.0,south,0
10982,43.0,36395.0,salaried,bachelor,496.0,13163.0,1,25.0,east,0
10983,49.0,45690.0,salaried,master,821.0,22130.0,0,28.0,east,0
10984,44.0,20730.0,salaried,highschool,521.0,5923.0,0,76.0,west,0
10985,48.0,32095.0,,bachelor,688.0,13626.0,1,124.0,north,0
10986,,44590.0,self-employed,highschool,685.0,6169.0,3,70.0,south,0
10987,44.0,88699.0,salaried,bachelor,675.0,30198.0,0,78.0,south,0
10988,36.0,44846.0,self-employed,highschool,605.0,6649.0,2,49.0,east,0
10989,34.0,80166.0,,bachelor,724.0,17969.0,1,36.0,central,1
10990,50.0,55291.0,self-employed,master,510.0,13639.0,1,71.0,east,1
10991,58.0,90554.0,salaried,bachelor,644.0,41545.0,0,61.0,central,0
10992,,38967.0,self-employed,bachelor,599.0,17031.0,1,30.0,south,0
10993,56.0,132603.0,salaried,bachelor,589.0,62793.0,1,58.0,south,0
10994,39.0,31486.0,salaried,highschool,689.0,4121.0,2,51.0,north,0
10995,44.0,27358.0,salaried,highschool,747.0,16332.0,1,42.0,south,1
10996,49.0,21916.0,salaried,highschool,619.0,2788.0,1,35.0,south,0
10997,41.0,128735.0,salaried,bachelor,720.0,66025.0,1,64.0,south,0
10998,42.0,60459.0,salaried,master,654.0,28424.0,1,36.0,west,0
10999,50.0,33960.0,salaried,bachelor,570.0,13444.0,0,152.0,east,0
11000,39.0,,self-employed,bachelor,627.0,23940.0,1,68.0,west,0
11001,31.0,56605.0,salaried,highschool,623.0,27089.0,2,,north,0
11002,35.0,107266.0,salaried,highschool,587.0,50407.0,3,46.0,central,1
11003,48.0,18510.0,salaried,master,689.0,3121.0,2,40.0,north,0
11004,40.0,35148.0,salaried,highschool,671.0,17444.0,0,13.0,north,0
11005,44.0,31848.0,salaried,bachelor,507.0,4436.0,0,,east,0
11006,48.0,14960.0,self-employed,highschool,501.0,5240.0,1,15.0,west,1
11007,36.0,68198.0,salaried,highschool,688.0,28816.0,2,15.0,south,0
11008,49.0,35059.0,salaried,highschool,577.0,17910.0,0,22.0,north,0
11009,45.0,58094.0,salaried,master,677.0,19261.0,2,101.0,central,0
11010,25.0,130599.0,salaried,highschool,720.0,28527.0,0,100.0,central,0
11011,57.0,33637.0,self-employed,bachelor,536.0,11616.0,0,32.0,west,0
11012,34.0,32514.0,salaried,highschool,523.0,7319.0,2,18.0,south,0
11013,20.0,42588.0,self-employed,bachelor,801.0,15518.0,0,,east,0
11014,27.0,65751.0,salaried,bachelor,682.0,21780.0,0,76.0,west,0
11015,28.0,30232.0,self-employed,bachelor,612.0,14821.0,2,89.0,east,0
11016,41.0,29276.0,salaried,highschool,566.0,6442.0,1,58.0,north,0
11017,37.0,68091.0,unemployed,highschool,604.0,13618.0,2,64.0,central,0
11018,36.0,48500.0,salaried,master,543.0,16349.0,1,60.0,central,1
11019,47.0,14438.0,salaried,bachelor,730.0,1808.0,2,16.0,north,0
11020,44.0,21749.0,self-employed,highschool,580.0,4669.0,1,,west,0
11021,44.0,85018.0,self-employed,bachelor,748.0,23537.0,0,127.0,central,0
11022,45.0,49068.0,salaried,highschool,614.0,16870.0,4,58.0,east,0
11023,47.0,27417.0,salaried,bachelor,556.0,6435.0,2,,north,1
11024,18.0,36857.0,salaried,bachelor,612.0,14017.0,2,,west,0
11025,36.0,40401.0,,highschool,414.0,21785.0,3,27.0,central,0
11026,18.0,57981.0,salaried,bachelor,639.0,21561.0,2,93.0,south,0
11027,40.0,20351.0,salaried,bachelor,635.0,4954.0,5,88.0,north,0
11028,40.0,26358.0,salaried,master,724.0,3453.0,2,74.0,south,0
11029,53.0,46004.0,unemployed,bachelor,480.0,7744.0,0,57.0,central,1
11030,54.0,38181.0,salaried,bachelor,755.0,14532.0,0,106.0,east,0
11031,42.0,53419.0,salaried,master,724.0,23604.0,1,112.0,north,0
11032,34.0,21704.0,unemployed,highschool,763.0,2709.0,1,,east,0
11033,46.0,47981.0,salaried,bachelor,645.0,9250.0,5,,central,0
11034,,69272.0,self-employed,highschool,741.0,17979.0,0,35.0,north,1
11035,40.0,51196.0,,highschool,518.0,13305.0,0,25.0,east,0
11036,52.0,43026.0,salaried,bachelor,714.0,24921.0,0,112.0,south,0
11037,33.0,38256.0,self-employed,highschool,581.0,7723.0,1,80.0,north,0
11038,,26438.0,unemployed,bachelor,501.0,3470.0,2,60.0,east,1
11039,48.0,38716.0,salaried,bachelor,549.0,10705.0,6,30.0,west,0
11040,29.0,75347.0,salaried,highschool,650.0,12600.0,0,114.0,west,0
11041,52.0,37816.0,self-employed,bachelor,576.0,6175.0,1,27.0,north,1
11042,48.0,25722.0,salaried,bachelor,684.0,7812.0,0,,north,0
11043,41.0,31378.0,salaried,bachelor,487.0,7945.0,0,51.0,east,1
11044,31.0,44375.0,salaried,master,459.0,6473.0,0,76.0,south,0
11045,30.0,33298.0,self-employed,highschool,774.0,13391.0,0,41.0,south,0
11046,,51157.0,self-employed,master,731.0,17948.0,0,322.0,east,1
11047,47.0,52126.0,unemployed,bachelor,556.0,7222.0,2,57.0,west,1
11048,29.0,62598.0,,highschool,650.0,33263.0,1,35.0,east,1
11049,45.0,81779.0,unemployed,bachelor,742.0,19820.0,1,38.0,central,0
11050,25.0,66034.0,salaried,highschool,688.0,38345.0,1,135.0,north,0
11051,38.0,25157.0,self-employed,highschool,663.0,14233.0,4,48.0,east,1
11052,41.0,25546.0,self-employed,highschool,749.0,8099.0,1,,east,0
11053,69.0,38643.0,salaried,master,584.0,8281.0,0,14.0,west,0
11054,23.0,32029.0,salaried,master,653.0,16573.0,3,94.0,east,1
11055,58.0,22716.0,salaried,phd,648.0,6375.0,0,,central,0
11056,42.0,,salaried,highschool,625.0,5850.0,1,81.0,central,0
11057,45.0,,self-employed,bachelor,615.0,11897.0,1,31.0,west,1
11058,41.0,28683.0,,master,657.0,9887.0,0,39.0,south,0
11059,45.0,34273.0,self-employed,highschool,653.0,17993.0,0,25.0,south,1
11060,38.0,72347.0,salaried,bachelor,556.0,33615.0,1,82.0,east,0
11061,57.0,44339.0,salaried,highschool,722.0,23857.0,2,89.0,east,0
11062,35.0,138124.0,self-employed,bachelor,562.0,64552.0,1,31.0,north,1
11063,54.0,,salaried,bachelor,630.0,18404.0,0,17.0,south,0
11064,32.0,34716.0,unemployed,highschool,623.0,12154.0,1,109.0,central,0
11065,39.0,40218.0,unemployed,highschool,682.0,23880.0,4,34.0,east,0
11066,27.0,45627.0,salaried,bachelor,459.0,26444.0,1,47.0,central,1
11067,45.0,49893.0,salaried,bachelor,730.0,26165.0,0,28.0,south,0
11068,57.0,113364.0,salaried,highschool,589.0,55283.0,2,77.0,central,0
11069,39.0,26300.0,self-employed,highschool,760.0,10225.0,5,79.0,central,1
11070,38.0,61668.0,salaried,phd,607.0,14176.0,3,119.0,south,1
11071,27.0,44528.0,unemployed,bachelor,646.0,23944.0,1,96.0,west,0
11072,37.0,,unemployed,bachelor,822.0,1929.0,0,92.0,central,0
11073,21.0,59003.0,salaried,bachelor,625.0,12610.0,1,49.0,west,0
11074,29.0,75645.0,self-employed,phd,761.0,22835.0,1,46.0,central,0
11075,43.0,26145.0,salaried,highschool,654.0,10277.0,1,77.0,north,0
11076,56.0,39956.0,salaried,highschool,687.0,15201.0,3,48.0,north,0
11077,,16938.0,salaried,bachelor,656.0,3183.0,1,98.0,north,0
11078,33.0,21388.0,self-employed,master,726.0,3260.0,2,,south,0
11079,57.0,67779.0,salaried,highschool,588.0,14313.0,1,14.0,west,0
11080,43.0,31786.0,self-employed,highschool,561.0,8721.0,0,72.0,central,0
11081,38.0,23054.0,salaried,highschool,593.0,2467.0,2,37.0,east,0
11082,45.0,45014.0,self-employed,bachelor,659.0,20087.0,2,24.0,east,0
11083,41.0,30909.0,unemployed,bachelor,630.0,6919.0,1,161.0,central,0
11084,41.0,31716.0,self-employed,bachelor,714.0,8744.0,3,52.0,east,1
11085,35.0,,salaried,highschool,767.0,15535.0,0,20.0,east,0
11086,23.0,22452.0,salaried,master,562.0,7991.0,1,34.0,north,0
11087,21.0,25523.0,salaried,highschool,584.0,13524.0,3,43.0,south,0
11088,48.0,43349.0,salaried,bachelor,521.0,7573.0,0,,west,0
11089,37.0,65167.0,,highschool,833.0,17619.0,1,34.0,west,0
11090,33.0,74539.0,salaried,master,677.0,33246.0,0,47.0,east,0
11091,40.0,,salaried,bachelor,693.0,3515.0,0,61.0,west,0
11092,50.0,64131.0,self-employed,bachelor,529.0,33027.0,2,68.0,west,0
11093,,27117.0,salaried,highschool,650.0,15753.0,0,49.0,north,1
11094,32.0,100018.0,self-employed,highschool,696.0,40389.0,2,134.0,central,0
11095,,22768.0,salaried,bachelor,627.0,13166.0,1,78.0,west,0
11096,59.0,77982.0,salaried,bachelor,747.0,23904.0,1,75.0,south,0
11097,46.0,28905.0,self-employed,master,850.0,8889.0,1,74.0,south,0
11098,52.0,109823.0,salaried,bachelor,565.0,16817.0,0,98.0,central,0
11099,55.0,53942.0,unemployed,bachelor,558.0,6350.0,1,59.0,south,0
11100,54.0,24149.0,salaried,master,571.0,5367.0,1,26.0,north,0
11101,47.0,30911.0,salaried,bachelor,795.0,10481.0,1,66.0,north,1
11102,47.0,59313.0,salaried,master,744.0,20988.0,2,,south,0
11103,46.0,67936.0,salaried,bachelor,638.0,14184.0,4,107.0,west,0
11104,27.0,38741.0,salaried,highschool,653.0,15744.0,2,24.0,east,0
11105,,41041.0,salaried,master,577.0,7823.0,4,29.0,west,1
11106,24.0,58640.0,salaried,highschool,730.0,15429.0,1,53.0,south,0
11107,30.0,42869.0,unemployed,highschool,616.0,8482.0,2,75.0,south,0
11108,56.0,21020.0,salaried,highschool,627.0,9424.0,2,21.0,east,1
11109,50.0,26729.0,self-employed,bachelor,705.0,9577.0,3,25.0,west,0
11110,58.0,45142.0,salaried,bachelor,633.0,21129.0,0,86.0,east,0
11111,,73699.0,,highschool,629.0,9479.0,0,22.0,west,0
11112,26.0,90038.0,salaried,highschool,651.0,28153.0,1,29.0,north,1
11113,37.0,59264.0,salaried,highschool,722.0,34580.0,2,89.0,east,0
11114,41.0,46335.0,salaried,highschool,798.0,5876.0,2,74.0,east,0
11115,41.0,58361.0,salaried,highschool,703.0,18045.0,1,34.0,north,0
11116,54.0,28757.0,salaried,highschool,722.0,3457.0,2,70.0,south,0
11117,36.0,37175.0,salaried,master,632.0,6443.0,1,62.0,south,0
11118,44.0,26581.0,self-employed,bachelor,586.0,8805.0,0,48.0,east,0
11119,28.0,21496.0,salaried,highschool,709.0,3843.0,2,41.0,north,0
11120,45.0,47419.0,unemployed,highschool,665.0,17041.0,2,,south,1
11121,,44036.0,salaried,highschool,522.0,24720.0,3,23.0,central,0
11122,31.0,56604.0,salaried,highschool,620.0,11332.0,0,67.0,north,0
11123,37.0,52736.0,salaried,bachelor,643.0,8100.0,2,58.0,central,0
11124,38.0,45312.0,salaried,master,604.0,23229.0,2,,east,0
11125,37.0,53014.0,self-employed,bachelor,783.0,17502.0,2,28.0,north,0
11126,61.0,39287.0,salaried,bachelor,693.0,21266.0,4,109.0,east,0
11127,39.0,49338.0,self-employed,highschool,774.0,12486.0,3,34.0,east,0
11128,37.0,27915.0,salaried,bachelor,674.0,11550.0,0,38.0,south,0
11129,18.0,48284.0,salaried,master,657.0,27119.0,2,47.0,south,0
11130,29.0,56062.0,salaried,highschool,566.0,10419.0,1,74.0,west,0
11131,37.0,28715.0,self-employed,master,651.0,14368.0,1,60.0,north,1
11132,32.0,41189.0,salaried,highschool,651.0,17124.0,1,17.0,central,0
11133,57.0,29384.0,unemployed,bachelor,527.0,14882.0,1,52.0,south,1
11134,38.0,30846.0,salaried,highschool,601.0,5717.0,0,55.0,south,0
11135,55.0,22869.0,salaried,bachelor,621.0,7250.0,0,,north,0
11136,41.0,75576.0,self-employed,highschool,687.0,12426.0,1,43.0,central,0
11137,40.0,68380.0,salaried,bachelor,692.0,39663.0,1,71.0,south,0
11138,39.0,,self-employed,bachelor,598.0,6897.0,1,203.0,central,0
11139,40.0,107592.0,salaried,bachelor,692.0,14282.0,2,99.0,south,0
11140,61.0,36511.0,self-employed,bachelor,634.0,20048.0,1,27.0,north,0
11141,18.0,182751.0,salaried,highschool,392.0,45757.0,1,80.0,east,0
11142,18.0,35819.0,unemployed,bachelor,606.0,14274.0,1,68.0,east,0
11143,33.0,45597.0,salaried,highschool,747.0,11114.0,2,42.0,east,0
11144,40.0,32896.0,self-employed,bachelor,499.0,13960.0,1,,central,1
11145,48.0,48347.0,salaried,highschool,660.0,9487.0,3,27.0,east,0
11146,46.0,60950.0,self-employed,bachelor,793.0,20079.0,3,35.0,west,0
11147,35.0,37913.0,self-employed,bachelor,582.0,13904.0,2,47.0,south,0
11148,52.0,97573.0,self-employed,phd,650.0,26035.0,1,41.0,north,0
11149,52.0,45233.0,salaried,bachelor,533.0,10216.0,2,,east,1
11150,42.0,45947.0,salaried,highschool,796.0,7816.0,1,51.0,east,0
11151,52.0,25476.0,self-employed,bachelor,643.0,11543.0,0,38.0,east,0
11152,43.0,49476.0,salaried,highschool,654.0,9111.0,2,,west,0
11153,33.0,37533.0,self-employed,highschool,772.0,9236.0,0,74.0,central,0
11154,48.0,29610.0,salaried,bachelor,710.0,7949.0,1,19.0,north,0
11155,41.0,,salaried,master,571.0,8906.0,1,19.0,north,0
11156,,152647.0,salaried,master,592.0,68887.0,1,38.0,south,0
11157,58.0,35181.0,self-employed,master,695.0,11046.0,0,21.0,east,0
11158,,19371.0,salaried,highschool,594.0,10374.0,3,90.0,north,1
11159,23.0,28308.0,salaried,highschool,459.0,12452.0,1,36.0,north,0
11160,26.0,39113.0,self-employed,master,645.0,20309.0,1,71.0,east,0
11161,,52751.0,salaried,highschool,517.0,24169.0,3,79.0,south,1
11162,37.0,52966.0,self-employed,bachelor,795.0,9233.0,0,13.0,central,0
11163,22.0,56292.0,salaried,phd,666.0,33154.0,2,37.0,east,0
11164,28.0,29073.0,salaried,highschool,569.0,14342.0,2,,central,1
11165,30.0,47582.0,salaried,bachelor,587.0,18384.0,2,61.0,west,0
11166,69.0,25899.0,salaried,master,480.0,4730.0,1,87.0,east,0
11167,,29442.0,self-employed,bachelor,551.0,5486.0,0,165.0,central,1
11168,35.0,25366.0,salaried,master,741.0,10328.0,0,126.0,central,0
11169,36.0,22155.0,salaried,bachelor,850.0,6826.0,1,,east,0
11170,26.0,68330.0,,highschool,715.0,29924.0,1,50.0,central,0
11171,18.0,56631.0,self-employed,master,642.0,16208.0,0,119.0,south,0
11172,39.0,65404.0,self-employed,master,611.0,23311.0,0,52.0,south,0
11173,28.0,40932.0,salaried,master,564.0,7940.0,1,36.0,west,1
11174,39.0,59184.0,salaried,bachelor,835.0,10511.0,0,91.0,west,0
11175,21.0,16637.0,salaried,bachelor,633.0,2293.0,3,63.0,south,0
11176,31.0,61793.0,self-employed,highschool,840.0,31503.0,3,19.0,west,1
11177,42.0,43851.0,salaried,highschool,775.0,16562.0,0,43.0,east,0
11178,44.0,54916.0,salaried,phd,493.0,31498.0,1,,east,0
11179,45.0,48534.0,self-employed,phd,590.0,23041.0,1,7.0,central,0
11180,24.0,24501.0,salaried,bachelor,590.0,11868.0,0,136.0,north,0
11181,50.0,,self-employed,phd,643.0,6728.0,0,56.0,east,0
11182,30.0,,salaried,bachelor,645.0,14274.0,0,44.0,south,0
11183,48.0,53234.0,unemployed,master,850.0,30398.0,1,38.0,east,0
11184,40.0,56673.0,salaried,bachelor,553.0,26119.0,1,53.0,north,0
11185,23.0,20252.0,salaried,bachelor,671.0,3094.0,3,38.0,north,0
11186,36.0,24574.0,salaried,bachelor,705.0,10457.0,1,27.0,west,1
11187,44.0,27956.0,salaried,bachelor,650.0,4479.0,2,39.0,north,0
11188,47.0,33569.0,self-employed,master,660.0,4653.0,1,113.0,east,0
11189,38.0,20312.0,salaried,bachelor,556.0,9068.0,1,89.0,central,0
11190,58.0,19712.0,salaried,master,660.0,10199.0,0,39.0,central,0
11191,52.0,26611.0,,highschool,696.0,4775.0,3,,north,0
11192,37.0,41904.0,salaried,highschool,679.0,5744.0,3,50.0,central,0
11193,,22241.0,self-employed,bachelor,701.0,12083.0,0,32.0,south,1
11194,63.0,37877.0,self-employed,master,777.0,6292.0,3,65.0,north,0
11195,64.0,68137.0,salaried,master,734.0,8009.0,0,123.0,east,0
11196,25.0,20934.0,self-employed,highschool,656.0,9640.0,0,110.0,east,0
11197,29.0,36199.0,self-employed,highschool,545.0,18963.0,2,33.0,south,1
11198,58.0,66995.0,self-employed,bachelor,596.0,23933.0,0,24.0,east,0
11199,27.0,32561.0,salaried,master,630.0,12046.0,1,42.0,north,0
11200,24.0,30127.0,,phd,673.0,8087.0,2,71.0,south,0
11201,34.0,71808.0,unemployed,master,607.0,15743.0,1,83.0,north,1
11202,45.0,34437.0,salaried,bachelor,566.0,16448.0,0,101.0,central,0
11203,,69720.0,salaried,master,543.0,36578.0,1,58.0,east,1
11204,32.0,49736.0,salaried,highschool,501.0,12962.0,1,59.0,east,0
11205,32.0,33812.0,self-employed,master,629.0,8010.0,0,57.0,east,0
11206,31.0,51013.0,self-employed,bachelor,518.0,11932.0,1,94.0,central,1
11207,29.0,47109.0,unemployed,bachelor,560.0,5903.0,2,83.0,west,0
11208,67.0,,unemployed,bachelor,615.0,16084.0,1,32.0,west,0
11209,44.0,30511.0,salaried,master,530.0,3442.0,0,78.0,south,0
11210,,40970.0,self-employed,highschool,684.0,20248.0,0,90.0,south,0
11211,34.0,38919.0,salaried,highschool,717.0,8872.0,2,94.0,central,0
11212,38.0,57072.0,salaried,bachelor,601.0,25402.0,1,63.0,central,0
11213,31.0,24038.0,salaried,phd,611.0,8933.0,0,,south,0
11214,,66735.0,unemployed,bachelor,698.0,34618.0,0,52.0,south,1
11215,23.0,50674.0,,highschool,586.0,29400.0,1,55.0,south,0
11216,18.0,20776.0,salaried,bachelor,580.0,5893.0,1,132.0,west,1
11217,18.0,73433.0,salaried,highschool,758.0,10587.0,1,56.0,central,1
11218,26.0,122645.0,salaried,highschool,730.0,58234.0,1,34.0,central,1
11219,56.0,66232.0,salaried,highschool,704.0,7329.0,3,64.0,central,0
11220,39.0,81920.0,salaried,bachelor,733.0,17324.0,2,82.0,south,0
11221,55.0,41885.0,salaried,highschool,472.0,5304.0,2,,south,0
11222,45.0,17488.0,salaried,highschool,772.0,9602.0,2,27.0,central,0
11223,49.0,15962.0,self-employed,highschool,685.0,1638.0,1,,south,1
11224,29.0,45594.0,self-employed,bachelor,741.0,15793.0,1,80.0,south,0
11225,46.0,29852.0,self-employed,highschool,685.0,9314.0,1,113.0,central,1
11226,49.0,25405.0,salaried,highschool,654.0,10832.0,0,21.0,east,1
11227,33.0,38895.0,salaried,bachelor,625.0,9524.0,0,,north,0
11228,47.0,54600.0,salaried,master,683.0,29312.0,0,26.0,central,0
11229,,19412.0,unemployed,master,622.0,9069.0,0,45.0,south,1
11230,33.0,32066.0,salaried,bachelor,728.0,10138.0,3,81.0,south,0
11231,27.0,85386.0,salaried,bachelor,507.0,23824.0,1,25.0,east,0
11232,26.0,23444.0,unemployed,master,601.0,11908.0,3,38.0,south,0
11233,41.0,61999.0,unemployed,bachelor,834.0,29669.0,1,20.0,central,0
11234,44.0,31497.0,salaried,bachelor,594.0,9433.0,1,80.0,west,0
11235,30.0,,self-employed,highschool,629.0,14273.0,3,32.0,east,0
11236,40.0,69471.0,salaried,highschool,571.0,8298.0,5,54.0,south,0
11237,47.0,58142.0,salaried,highschool,680.0,8189.0,1,68.0,east,0
11238,47.0,,salaried,bachelor,584.0,8028.0,2,64.0,south,0
11239,59.0,22566.0,unemployed,phd,633.0,2532.0,0,60.0,central,0
11240,55.0,70041.0,salaried,highschool,726.0,12358.0,1,60.0,west,1
11241,28.0,26204.0,self-employed,bachelor,587.0,13850.0,2,21.0,north,0
11242,60.0,,salaried,phd,721.0,22806.0,1,46.0,east,1
11243,34.0,45667.0,self-employed,bachelor,724.0,23874.0,1,60.0,west,1
11244,53.0,51152.0,self-employed,highschool,745.0,21070.0,1,,east,0
11245,41.0,47500.0,self-employed,phd,663.0,19571.0,1,50.0,north,0
11246,35.0,26320.0,unemployed,highschool,850.0,4263.0,1,34.0,north,1
11247,,20436.0,self-employed,highschool,745.0,9186.0,1,63.0,west,0
11248,38.0,62080.0,self-employed,bachelor,679.0,14900.0,0,70.0,east,0
11249,21.0,44043.0,salaried,highschool,571.0,15839.0,1,41.0,east,0
11250,52.0,71303.0,unemployed,master,641.0,41167.0,3,92.0,south,0
11251,58.0,39247.0,salaried,highschool,778.0,21009.0,1,118.0,south,0
11252,30.0,19879.0,salaried,master,804.0,4306.0,1,,east,0
11253,44.0,65060.0,salaried,highschool,783.0,30469.0,4,32.0,east,1
11254,31.0,33350.0,salaried,master,721.0,5071.0,0,24.0,east,0
11255,32.0,47620.0,salaried,highschool,537.0,5399.0,2,44.0,central,0
11256,49.0,29035.0,,master,694.0,3313.0,2,52.0,north,1
11257,40.0,91322.0,salaried,highschool,538.0,16906.0,0,23.0,east,1
11258,61.0,25893.0,unemployed,master,516.0,11586.0,1,44.0,south,1
11259,34.0,33904.0,unemployed,master,672.0,9549.0,1,90.0,north,0
11260,52.0,42350.0,salaried,bachelor,697.0,4573.0,2,11.0,east,0
11261,41.0,23246.0,unemployed,highschool,731.0,13809.0,1,57.0,north,0
11262,50.0,47347.0,salaried,bachelor,695.0,17362.0,1,38.0,south,0
11263,35.0,89855.0,salaried,bachelor,698.0,26682.0,1,53.0,west,1
11264,39.0,31406.0,unemployed,bachelor,561.0,11288.0,1,122.0,south,0
11265,39.0,,self-employed,bachelor,641.0,17604.0,4,52.0,west,0
11266,30.0,10151.0,self-employed,phd,514.0,3402.0,5,47.0,south,0
11267,48.0,39361.0,salaried,phd,470.0,15999.0,0,77.0,east,1
11268,48.0,34320.0,salaried,bachelor,717.0,18629.0,2,63.0,central,0
11269,47.0,26656.0,salaried,highschool,582.0,6687.0,2,57.0,south,0
11270,58.0,68922.0,unemployed,highschool,729.0,23673.0,1,65.0,east,0
11271,57.0,34094.0,salaried,bachelor,750.0,3472.0,1,103.0,west,0
11272,36.0,36727.0,salaried,phd,594.0,19462.0,1,86.0,south,0
11273,44.0,33236.0,salaried,bachelor,703.0,8407.0,2,45.0,south,0
11274,,15392.0,self-employed,highschool,590.0,3627.0,2,118.0,west,0
11275,40.0,22788.0,salaried,bachelor,484.0,13645.0,0,39.0,north,0
11276,33.0,64896.0,self-employed,bachelor,661.0,25452.0,1,57.0,south,0
11277,59.0,13975.0,salaried,phd,608.0,2257.0,1,60.0,east,0
11278,44.0,27360.0,salaried,bachelor,610.0,6368.0,1,,south,0
11279,37.0,32864.0,salaried,highschool,828.0,9091.0,0,111.0,east,0
11280,54.0,95972.0,salaried,highschool,513.0,56914.0,1,43.0,west,0
11281,18.0,58942.0,self-employed,highschool,684.0,18585.0,1,49.0,central,0
11282,18.0,30376.0,self-employed,bachelor,560.0,6533.0,1,94.0,west,0
11283,50.0,77054.0,salaried,bachelor,732.0,29655.0,4,40.0,east,0
11284,41.0,27715.0,salaried,highschool,677.0,8381.0,1,23.0,west,0
11285,,66473.0,salaried,highschool,684.0,8474.0,1,57.0,south,0
11286,24.0,20344.0,self-employed,master,565.0,10792.0,1,28.0,east,1
11287,40.0,68640.0,,master,581.0,7402.0,1,26.0,central,0
11288,64.0,32759.0,self-employed,bachelor,733.0,17993.0,1,11.0,north,0
11289,50.0,23999.0,salaried,bachelor,809.0,11902.0,2,13.0,south,0
11290,42.0,36006.0,salaried,phd,693.0,4966.0,3,13.0,south,1
11291,35.0,46105.0,unemployed,bachelor,569.0,21291.0,1,127.0,central,1
11292,35.0,31339.0,salaried,phd,681.0,15214.0,2,13.0,south,1
11293,18.0,52943.0,self-employed,highschool,850.0,21238.0,0,27.0,south,0
11294,43.0,29987.0,unemployed,highschool,659.0,11660.0,1,50.0,central,0
11295,50.0,54731.0,self-employed,highschool,782.0,6833.0,2,75.0,central,0
11296,21.0,50067.0,self-employed,master,583.0,6496.0,1,80.0,north,0
11297,32.0,38931.0,salaried,bachelor,646.0,18050.0,0,32.0,central,0
11298,26.0,32187.0,unemployed,highschool,706.0,4918.0,2,56.0,west,0
11299,28.0,43294.0,salaried,phd,686.0,9565.0,2,49.0,central,0
11300,41.0,52845.0,unemployed,phd,581.0,18465.0,1,54.0,north,0
11301,18.0,112521.0,salaried,highschool,577.0,20488.0,0,58.0,north,0
11302,47.0,64197.0,self-employed,bachelor,739.0,31772.0,2,68.0,south,0
11303,49.0,65382.0,unemployed,bachelor,757.0,32932.0,1,,central,1
11304,37.0,188011.0,salaried,highschool,786.0,97967.0,1,101.0,east,0
11305,18.0,51947.0,salaried,bachelor,812.0,6482.0,0,137.0,west,0
11306,28.0,51140.0,salaried,highschool,662.0,16055.0,2,43.0,south,0
11307,55.0,57068.0,self-employed,master,622.0,29873.0,1,,south,0
11308,18.0,24234.0,self-employed,master,772.0,6825.0,2,39.0,central,0
11309,36.0,32146.0,salaried,master,714.0,14399.0,2,,east,0
11310,26.0,31161.0,self-employed,master,562.0,12297.0,1,49.0,west,1
11311,50.0,55482.0,unemployed,highschool,557.0,15180.0,0,,west,1
11312,32.0,36787.0,self-employed,bachelor,694.0,8763.0,0,95.0,north,0
11313,45.0,43007.0,self-employed,bachelor,634.0,18337.0,0,47.0,central,0
11314,47.0,69129.0,unemployed,highschool,648.0,11532.0,1,25.0,central,1
11315,62.0,61795.0,self-employed,bachelor,747.0,32755.0,1,37.0,west,0
11316,38.0,37017.0,salaried,highschool,718.0,14371.0,0,47.0,east,0
11317,45.0,28710.0,unemployed,highschool,770.0,4472.0,1,,east,0
11318,22.0,70802.0,salaried,bachelor,476.0,31986.0,1,32.0,south,0
11319,54.0,59098.0,unemployed,bachelor,673.0,18649.0,1,35.0,west,0
11320,31.0,17977.0,self-employed,bachelor,713.0,3632.0,1,61.0,south,0
11321,33.0,34318.0,self-employed,bachelor,513.0,19923.0,1,62.0,north,0
11322,40.0,43598.0,salaried,bachelor,591.0,20047.0,0,88.0,north,0
11323,,59244.0,salaried,master,574.0,23490.0,1,36.0,east,0
11324,43.0,63263.0,salaried,bachelor,652.0,33177.0,2,71.0,central,0
11325,52.0,46256.0,self-employed,bachelor,797.0,17204.0,2,49.0,west,0
11326,,53778.0,self-employed,bachelor,832.0,17249.0,0,40.0,central,0
11327,21.0,41443.0,salaried,bachelor,577.0,8070.0,1,50.0,west,0
11328,39.0,28655.0,salaried,highschool,697.0,5063.0,0,54.0,central,1
11329,49.0,35220.0,self-employed,bachelor,700.0,11129.0,0,23.0,west,0
11330,18.0,40518.0,salaried,highschool,685.0,13289.0,1,24.0,central,0
11331,27.0,39445.0,salaried,master,686.0,18407.0,1,,east,1
11332,51.0,15634.0,salaried,master,677.0,5019.0,2,42.0,north,0
11333,43.0,32901.0,self-employed,bachelor,802.0,13048.0,0,60.0,south,0
11334,45.0,41279.0,salaried,master,749.0,21311.0,1,76.0,central,0
11335,62.0,34868.0,self-employed,bachelor,555.0,20804.0,1,50.0,west,1
11336,46.0,35475.0,salaried,highschool,722.0,9268.0,1,72.0,north,1
11337,48.0,51226.0,salaried,bachelor,730.0,28224.0,3,55.0,north,1
11338,73.0,23401.0,self-employed,phd,678.0,11771.0,2,56.0,west,0
11339,37.0,17783.0,unemployed,highschool,752.0,2383.0,2,99.0,central,0
11340,30.0,33722.0,salaried,highschool,667.0,9007.0,1,47.0,west,0
11341,45.0,58809.0,self-employed,bachelor,668.0,12322.0,1,77.0,central,0
11342,,93319.0,self-employed,bachelor,661.0,40332.0,1,,north,0
11343,34.0,59341.0,unemployed,bachelor,468.0,22410.0,2,58.0,central,1
11344,,19262.0,salaried,bachelor,643.0,6692.0,1,113.0,north,0
11345,68.0,35733.0,salaried,master,590.0,17215.0,1,168.0,central,0
11346,44.0,45630.0,salaried,highschool,543.0,12167.0,0,21.0,central,0
11347,31.0,43862.0,self-employed,bachelor,779.0,12780.0,3,42.0,east,0
11348,51.0,52557.0,self-employed,master,695.0,28003.0,1,28.0,east,0
11349,39.0,25374.0,salaried,bachelor,647.0,14872.0,3,48.0,east,0
11350,37.0,41459.0,salaried,bachelor,599.0,20240.0,0,84.0,east,1
11351,47.0,49521.0,salaried,highschool,677.0,10327.0,2,101.0,central,1
11352,24.0,60648.0,salaried,highschool,739.0,9481.0,4,103.0,south,0
11353,,26826.0,unemployed,bachelor,576.0,5489.0,1,20.0,south,1
11354,63.0,33773.0,salaried,bachelor,650.0,10516.0,1,54.0,central,0
11355,46.0,10385.0,,bachelor,728.0,2267.0,1,,central,1
11356,35.0,29415.0,salaried,bachelor,476.0,16194.0,0,47.0,east,1
11357,34.0,30878.0,self-employed,master,645.0,13443.0,0,39.0,south,0
11358,35.0,24106.0,,master,611.0,7433.0,1,20.0,central,0
11359,37.0,43600.0,salaried,highschool,638.0,10329.0,0,102.0,central,1
11360,35.0,39028.0,self-employed,highschool,605.0,11331.0,0,33.0,south,0
11361,51.0,12970.0,self-employed,master,662.0,4384.0,1,36.0,east,0
11362,19.0,44701.0,unemployed,highschool,823.0,20424.0,1,114.0,east,0
11363,50.0,25231.0,salaried,highschool,621.0,3650.0,0,18.0,central,0
11364,35.0,51167.0,salaried,highschool,676.0,26833.0,0,67.0,west,1
11365,45.0,21143.0,salaried,bachelor,830.0,3463.0,1,91.0,east,0
11366,26.0,40742.0,self-employed,highschool,600.0,9420.0,0,109.0,central,0
11367,,34836.0,salaried,highschool,813.0,20790.0,0,64.0,west,0
11368,55.0,46702.0,unemployed,bachelor,650.0,9112.0,1,78.0,east,0
11369,52.0,42717.0,salaried,master,810.0,6432.0,0,91.0,central,0
11370,22.0,35328.0,unemployed,highschool,718.0,14809.0,3,49.0,east,0
11371,50.0,18618.0,salaried,bachelor,678.0,5521.0,4,30.0,east,0
11372,45.0,19176.0,salaried,bachelor,644.0,2798.0,2,118.0,south,0
11373,21.0,29973.0,salaried,bachelor,594.0,3053.0,0,74.0,south,0
11374,40.0,39969.0,self-employed,bachelor,657.0,5579.0,1,54.0,south,1
11375,44.0,29610.0,,highschool,731.0,10700.0,2,21.0,north,0
11376,47.0,54864.0,salaried,highschool,649.0,11820.0,0,10.0,west,0
11377,42.0,34905.0,salaried,master,622.0,17061.0,3,66.0,east,0
11378,43.0,24773.0,unemployed,highschool,627.0,13099.0,0,9.0,central,1
11379,58.0,,,phd,739.0,6022.0,0,,west,0
11380,55.0,44933.0,salaried,highschool,760.0,12065.0,0,34.0,north,0
11381,18.0,47214.0,self-employed,bachelor,590.0,8182.0,1,39.0,west,0
11382,36.0,102661.0,salaried,bachelor,590.0,24982.0,0,,north,0
11383,38.0,28726.0,salaried,master,684.0,6308.0,1,,north,0
11384,19.0,38687.0,salaried,highschool,787.0,19089.0,0,55.0,west,0
11385,41.0,49665.0,self-employed,highschool,753.0,13546.0,1,34.0,north,0
11386,55.0,39668.0,salaried,bachelor,537.0,13796.0,2,63.0,east,1
11387,27.0,31247.0,unemployed,highschool,626.0,13653.0,2,58.0,central,0
11388,44.0,18497.0,salaried,bachelor,566.0,9454.0,2,53.0,south,1
11389,29.0,31088.0,unemployed,master,626.0,7791.0,1,91.0,west,0
11390,32.0,23462.0,salaried,highschool,794.0,4801.0,1,18.0,south,0
11391,58.0,16928.0,salaried,master,522.0,9974.0,2,14.0,north,0
11392,33.0,26961.0,salaried,highschool,504.0,7012.0,0,,north,0
11393,46.0,23777.0,salaried,master,575.0,10355.0,1,58.0,north,0
11394,18.0,53739.0,salaried,phd,676.0,23587.0,0,69.0,north,0
11395,62.0,54206.0,self-employed,bachelor,706.0,19352.0,0,5.0,north,0
11396,47.0,25542.0,self-employed,phd,689.0,5472.0,1,68.0,central,0
11397,38.0,35238.0,self-employed,master,756.0,6016.0,2,130.0,central,0
11398,47.0,15849.0,salaried,highschool,491.0,5444.0,1,43.0,south,0
11399,23.0,31346.0,self-employed,highschool,757.0,11142.0,0,,west,0
11400,54.0,48996.0,salaried,highschool,622.0,23845.0,1,66.0,south,0
11401,36.0,60625.0,self-employed,bachelor,716.0,27580.0,2,112.0,west,0
11402,38.0,28099.0,self-employed,bachelor,531.0,15623.0,2,101.0,south,0
11403,34.0,67909.0,salaried,bachelor,650.0,39756.0,2,43.0,west,0
11404,33.0,18810.0,salaried,bachelor,671.0,8727.0,1,85.0,south,0
11405,48.0,21508.0,unemployed,bachelor,754.0,2974.0,0,43.0,central,0
11406,43.0,57230.0,salaried,highschool,507.0,17315.0,0,,central,0
11407,48.0,92555.0,self-employed,highschool,653.0,37429.0,3,,south,0
11408,40.0,51365.0,unemployed,phd,552.0,20294.0,1,71.0,north,1
11409,46.0,39333.0,salaried,highschool,695.0,7502.0,1,142.0,south,0
11410,35.0,13392.0,salaried,highschool,720.0,5243.0,0,73.0,south,0
11411,67.0,14600.0,salaried,highschool,766.0,4013.0,2,40.0,east,0
11412,21.0,42818.0,self-employed,phd,602.0,11538.0,4,22.0,east,0
11413,,33556.0,salaried,highschool,733.0,17349.0,0,18.0,central,0
11414,56.0,23088.0,salaried,bachelor,772.0,7180.0,0,68.0,north,0
11415,30.0,41472.0,salaried,highschool,502.0,15083.0,1,50.0,east,1
11416,67.0,42513.0,unemployed,highschool,705.0,16216.0,2,,north,1
11417,52.0,64357.0,self-employed,bachelor,736.0,24552.0,2,,east,0
11418,52.0,42972.0,self-employed,bachelor,627.0,8876.0,2,79.0,west,0
11419,40.0,74176.0,unemployed,bachelor,541.0,29650.0,0,,central,0
11420,,40296.0,self-employed,highschool,735.0,10771.0,2,115.0,east,0
11421,,37886.0,unemployed,phd,542.0,16197.0,1,16.0,north,0
11422,,68334.0,salaried,bachelor,634.0,11811.0,0,41.0,central,0
11423,57.0,24607.0,salaried,phd,646.0,14692.0,1,72.0,east,1
11424,42.0,,self-employed,highschool,714.0,79676.0,1,26.0,east,0
11425,29.0,48418.0,salaried,bachelor,594.0,14943.0,2,84.0,west,0
11426,50.0,48553.0,salaried,highschool,588.0,12171.0,2,98.0,south,0
11427,51.0,52185.0,self-employed,master,659.0,15337.0,1,7.0,central,0
11428,48.0,102597.0,self-employed,bachelor,741.0,47257.0,0,117.0,north,0
11429,49.0,59650.0,salaried,bachelor,850.0,25513.0,1,70.0,north,0
11430,37.0,,salaried,highschool,514.0,8114.0,3,,central,1
11431,29.0,80962.0,salaried,highschool,678.0,44084.0,0,19.0,east,0
11432,,33845.0,salaried,highschool,552.0,11106.0,1,,central,0
11433,20.0,42344.0,salaried,master,742.0,18409.0,4,,central,0
11434,43.0,21171.0,salaried,highschool,566.0,6791.0,0,70.0,central,0
11435,39.0,52214.0,self-employed,highschool,589.0,21880.0,2,24.0,west,0
11436,35.0,28979.0,salaried,bachelor,597.0,9778.0,0,,west,0
11437,18.0,42196.0,salaried,highschool,643.0,20606.0,1,,west,0
11438,25.0,34820.0,self-employed,phd,679.0,3574.0,1,,west,0
11439,53.0,105083.0,salaried,highschool,694.0,21842.0,1,117.0,south,0
11440,32.0,108134.0,salaried,master,649.0,26841.0,2,73.0,central,0
11441,44.0,41079.0,salaried,bachelor,530.0,23526.0,5,26.0,north,0
11442,23.0,41439.0,self-employed,bachelor,716.0,14650.0,1,20.0,east,0
11443,57.0,33299.0,salaried,bachelor,645.0,9396.0,2,31.0,south,0
11444,38.0,69773.0,salaried,bachelor,755.0,21082.0,1,51.0,west,0
11445,,34048.0,salaried,bachelor,586.0,11097.0,1,123.0,south,0
11446,68.0,32511.0,self-employed,highschool,506.0,17358.0,2,136.0,south,1
11447,58.0,65467.0,self-employed,master,647.0,38047.0,2,,central,1
11448,36.0,30664.0,unemployed,bachelor,767.0,16009.0,1,37.0,east,1
11449,33.0,39384.0,self-employed,bachelor,664.0,20512.0,1,80.0,west,0
11450,36.0,18203.0,salaried,bachelor,632.0,3632.0,0,80.0,central,0
11451,46.0,57073.0,salaried,bachelor,572.0,13375.0,2,106.0,central,0
11452,39.0,105919.0,salaried,bachelor,808.0,42159.0,1,108.0,south,0
11453,35.0,57562.0,salaried,bachelor,557.0,24640.0,2,30.0,north,0
11454,58.0,83358.0,salaried,highschool,585.0,16784.0,0,17.0,central,1
11455,39.0,26290.0,salaried,bachelor,701.0,12439.0,1,74.0,south,1
11456,,45169.0,self-employed,highschool,483.0,9033.0,1,60.0,west,0
11457,41.0,25045.0,self-employed,master,765.0,5798.0,0,11.0,west,0
11458,61.0,35815.0,salaried,highschool,706.0,9075.0,0,17.0,east,0
11459,44.0,59048.0,salaried,phd,731.0,30882.0,0,72.0,north,0
11460,,,salaried,bachelor,700.0,19681.0,1,48.0,east,1
11461,31.0,19805.0,salaried,master,635.0,7236.0,2,73.0,north,0
11462,30.0,20795.0,salaried,master,554.0,10603.0,1,25.0,south,1
11463,46.0,20119.0,salaried,highschool,637.0,10190.0,0,76.0,south,0
11464,52.0,51314.0,salaried,bachelor,562.0,15133.0,0,64.0,east,0
11465,40.0,112639.0,unemployed,highschool,694.0,55274.0,0,,north,1
11466,25.0,79319.0,salaried,highschool,723.0,16111.0,0,39.0,central,0
11467,24.0,15553.0,salaried,bachelor,783.0,5469.0,1,,north,0
11468,23.0,81678.0,salaried,bachelor,683.0,12997.0,0,19.0,central,0
11469,19.0,64100.0,salaried,master,733.0,20089.0,1,43.0,south,0
11470,,18534.0,salaried,highschool,623.0,6676.0,1,96.0,east,0
11471,54.0,34489.0,,bachelor,607.0,4827.0,2,,central,1
11472,40.0,69408.0,salaried,highschool,693.0,22995.0,2,23.0,west,0
11473,18.0,52850.0,salaried,highschool,615.0,22505.0,2,51.0,north,0
11474,38.0,20857.0,unemployed,highschool,674.0,8490.0,1,124.0,west,1
11475,38.0,54468.0,salaried,bachelor,554.0,6927.0,2,133.0,east,0
11476,65.0,13784.0,salaried,bachelor,571.0,2035.0,1,42.0,central,0
11477,,35903.0,self-employed,highschool,707.0,9898.0,3,101.0,east,0
11478,35.0,70897.0,salaried,highschool,730.0,36961.0,1,91.0,central,1
11479,60.0,40506.0,unemployed,bachelor,561.0,21666.0,2,87.0,east,1
11480,45.0,31274.0,salaried,master,710.0,7969.0,0,15.0,north,0
11481,47.0,62610.0,self-employed,highschool,602.0,28766.0,0,,east,0
11482,41.0,65341.0,salaried,bachelor,651.0,25398.0,2,,central,0
11483,44.0,77267.0,self-employed,bachelor,778.0,45720.0,1,47.0,north,0
11484,49.0,62142.0,self-employed,bachelor,723.0,9155.0,1,51.0,south,0
11485,30.0,68919.0,self-employed,highschool,722.0,25772.0,0,142.0,north,0
11486,,57899.0,self-employed,master,822.0,22944.0,2,43.0,central,0
11487,24.0,45833.0,self-employed,bachelor,587.0,11634.0,2,66.0,east,0
11488,44.0,41972.0,salaried,bachelor,561.0,5183.0,2,65.0,west,1
11489,42.0,35645.0,salaried,master,585.0,4493.0,2,51.0,central,0
11490,33.0,21891.0,salaried,master,627.0,7154.0,1,25.0,central,0
11491,40.0,24893.0,salaried,bachelor,438.0,11108.0,2,55.0,east,0
11492,33.0,34856.0,salaried,master,631.0,15688.0,1,,central,0
11493,27.0,45285.0,self-employed,highschool,601.0,8626.0,2,70.0,east,0
11494,36.0,82488.0,self-employed,master,721.0,43635.0,1,9.0,central,0
11495,27.0,39305.0,unemployed,highschool,682.0,11343.0,3,66.0,central,1
11496,44.0,66286.0,salaried,master,596.0,38591.0,2,35.0,south,0
11497,26.0,68848.0,self-employed,bachelor,703.0,10952.0,2,,west,1
11498,49.0,35749.0,self-employed,highschool,715.0,18526.0,0,81.0,west,0
11499,26.0,54033.0,unemployed,bachelor,581.0,29943.0,1,40.0,west,0
11500,33.0,35534.0,self-employed,master,606.0,18170.0,3,54.0,north,0
11501,33.0,77736.0,salaried,bachelor,450.0,39211.0,3,16.0,east,0
11502,56.0,55156.0,salaried,master,552.0,15480.0,0,115.0,north,1
11503,44.0,22132.0,unemployed,highschool,583.0,10107.0,0,,central,1
11504,37.0,43511.0,self-employed,highschool,657.0,16955.0,1,57.0,central,0
11505,46.0,91497.0,self-employed,bachelor,565.0,28569.0,2,102.0,east,0
11506,,36658.0,self-employed,bachelor,604.0,21868.0,1,71.0,north,0
11507,39.0,50204.0,self-employed,bachelor,540.0,12311.0,1,6.0,west,1
11508,64.0,52730.0,self-employed,phd,665.0,16166.0,0,122.0,east,0
11509,42.0,23901.0,unemployed,bachelor,688.0,13180.0,0,42.0,west,0
11510,41.0,51811.0,unemployed,bachelor,686.0,12668.0,1,,north,0
11511,47.0,19992.0,salaried,bachelor,651.0,3525.0,2,41.0,east,0
11512,51.0,29354.0,salaried,master,511.0,7485.0,0,35.0,south,1
11513,,68725.0,salaried,bachelor,594.0,32964.0,0,68.0,central,0
11514,20.0,47972.0,salaried,master,613.0,25422.0,2,,south,0
11515,43.0,34467.0,,highschool,614.0,5419.0,1,100.0,central,0
11516,31.0,50173.0,self-employed,bachelor,657.0,20614.0,1,72.0,central,0
11517,56.0,38947.0,salaried,highschool,778.0,14942.0,0,67.0,east,0
11518,36.0,40388.0,salaried,bachelor,723.0,17545.0,1,55.0,north,0
11519,18.0,55738.0,salaried,master,561.0,24275.0,1,115.0,south,1
11520,25.0,27898.0,self-employed,master,711.0,16174.0,0,82.0,north,0
11521,18.0,40953.0,self-employed,highschool,708.0,11191.0,1,,west,0
11522,37.0,34333.0,salaried,master,577.0,8579.0,1,,west,0
11523,38.0,,salaried,highschool,726.0,7095.0,0,74.0,south,0
11524,35.0,,salaried,bachelor,636.0,7972.0,1,24.0,west,0
11525,53.0,87913.0,salaried,bachelor,523.0,29616.0,1,57.0,east,0
11526,54.0,48648.0,self-employed,bachelor,691.0,6550.0,1,86.0,central,0
11527,38.0,20707.0,unemployed,highschool,670.0,3605.0,0,68.0,north,0
11528,18.0,18580.0,salaried,bachelor,630.0,10547.0,3,21.0,north,0
11529,47.0,37946.0,salaried,bachelor,647.0,5090.0,0,28.0,central,0
11530,47.0,87605.0,salaried,bachelor,585.0,34610.0,1,70.0,south,0
11531,44.0,,salaried,bachelor,705.0,17448.0,1,148.0,central,0
11532,52.0,77149.0,salaried,bachelor,646.0,8173.0,1,50.0,central,0
11533,26.0,47857.0,salaried,bachelor,665.0,10116.0,1,88.0,north,0
11534,64.0,50799.0,salaried,highschool,682.0,14657.0,2,69.0,east,0
11535,28.0,20581.0,self-employed,bachelor,546.0,7274.0,2,34.0,west,0
11536,49.0,64136.0,salaried,bachelor,570.0,17368.0,4,89.0,north,0
11537,20.0,33946.0,self-employed,highschool,451.0,14410.0,1,15.0,central,0
11538,29.0,61793.0,salaried,highschool,701.0,13174.0,0,85.0,north,0
11539,58.0,26713.0,salaried,master,541.0,3012.0,1,71.0,north,1
11540,37.0,43850.0,salaried,master,662.0,4419.0,0,37.0,east,0
11541,50.0,47858.0,salaried,bachelor,683.0,13054.0,1,25.0,south,0
11542,43.0,37160.0,salaried,master,704.0,10436.0,2,39.0,west,0
11543,39.0,49132.0,self-employed,phd,542.0,28217.0,0,33.0,south,0
11544,56.0,,unemployed,bachelor,644.0,4300.0,3,45.0,south,0
11545,37.0,29012.0,salaried,highschool,800.0,10590.0,0,41.0,central,1
11546,19.0,89567.0,salaried,bachelor,804.0,34833.0,1,37.0,north,0
11547,30.0,67811.0,salaried,master,739.0,30490.0,4,15.0,east,0
11548,47.0,27435.0,self-employed,bachelor,680.0,11505.0,2,23.0,north,0
11549,45.0,53328.0,salaried,highschool,560.0,5550.0,3,97.0,north,0
11550,21.0,27685.0,salaried,master,715.0,11515.0,1,,south,0
11551,31.0,22196.0,,master,636.0,5797.0,0,45.0,south,0
11552,33.0,67299.0,self-employed,bachelor,700.0,32737.0,2,40.0,east,0
11553,36.0,,self-employed,phd,593.0,3324.0,0,116.0,east,0
11554,23.0,63795.0,salaried,bachelor,634.0,29225.0,1,32.0,north,1
11555,,35371.0,salaried,master,665.0,14599.0,3,31.0,north,0
11556,31.0,36106.0,salaried,master,672.0,15387.0,0,72.0,north,0
11557,49.0,49260.0,self-employed,highschool,694.0,9260.0,1,59.0,west,1
11558,50.0,53669.0,self-employed,master,598.0,23324.0,0,,central,1
11559,,26551.0,salaried,bachelor,529.0,12439.0,1,70.0,north,0
11560,35.0,57461.0,self-employed,master,796.0,19807.0,0,90.0,north,0
11561,42.0,,salaried,master,850.0,11476.0,1,21.0,west,0
11562,30.0,21418.0,self-employed,master,690.0,3925.0,0,68.0,west,0
11563,26.0,36867.0,salaried,master,531.0,9032.0,3,31.0,west,0
11564,29.0,80069.0,salaried,master,580.0,38586.0,1,11.0,north,0
11565,,92809.0,salaried,highschool,696.0,28279.0,1,70.0,central,0
11566,26.0,57450.0,self-employed,bachelor,771.0,25931.0,2,,west,0
11567,42.0,22133.0,salaried,highschool,541.0,10404.0,2,52.0,north,0
11568,,51293.0,salaried,master,639.0,22419.0,2,91.0,north,0
11569,21.0,61416.0,self-employed,bachelor,668.0,26825.0,0,31.0,west,0
11570,40.0,57691.0,self-employed,bachelor,728.0,23388.0,2,77.0,west,0
11571,37.0,59425.0,self-employed,highschool,619.0,21346.0,2,,west,0
11572,44.0,,self-employed,bachelor,509.0,9573.0,0,50.0,east,0
11573,40.0,38708.0,self-employed,bachelor,706.0,20182.0,2,13.0,east,0
11574,23.0,29608.0,self-employed,phd,751.0,17236.0,1,91.0,west,0
11575,25.0,15538.0,salaried,master,643.0,5178.0,3,66.0,north,0
11576,40.0,47563.0,salaried,bachelor,686.0,26950.0,1,75.0,south,0
11577,52.0,44048.0,salaried,master,607.0,26384.0,3,28.0,north,0
11578,18.0,53039.0,salaried,highschool,574.0,18198.0,0,62.0,central,0
11579,44.0,20563.0,salaried,highschool,742.0,9504.0,3,48.0,west,1
11580,54.0,55410.0,salaried,bachelor,685.0,23377.0,1,68.0,west,1
11581,38.0,112114.0,salaried,bachelor,694.0,24512.0,1,,east,0
11582,,41740.0,self-employed,highschool,785.0,5157.0,2,129.0,central,0
11583,32.0,38916.0,self-employed,highschool,555.0,12713.0,0,107.0,central,0
11584,39.0,46840.0,salaried,bachelor,600.0,23121.0,0,44.0,west,0
11585,21.0,110876.0,unemployed,highschool,664.0,29112.0,2,70.0,central,1
11586,18.0,24057.0,salaried,bachelor,599.0,11841.0,1,,west,0
11587,51.0,44427.0,salaried,bachelor,720.0,18988.0,2,,west,0
11588,28.0,26908.0,salaried,master,633.0,12049.0,1,49.0,south,0
11589,35.0,30531.0,salaried,highschool,561.0,7415.0,0,38.0,central,0
11590,23.0,39152.0,salaried,highschool,656.0,13117.0,0,61.0,north,0
11591,23.0,78721.0,self-employed,highschool,665.0,15024.0,1,,west,0
11592,38.0,98765.0,salaried,highschool,734.0,22053.0,0,93.0,west,0
11593,31.0,50215.0,salaried,master,685.0,7277.0,2,40.0,north,0
11594,45.0,33246.0,salaried,bachelor,692.0,5432.0,1,123.0,west,0
11595,45.0,139577.0,salaried,highschool,679.0,28649.0,0,29.0,north,0
11596,44.0,32410.0,self-employed,master,633.0,12644.0,2,35.0,east,0
11597,43.0,,self-employed,master,586.0,9671.0,1,87.0,central,0
11598,59.0,16523.0,self-employed,highschool,676.0,3858.0,1,11.0,north,0
11599,27.0,80664.0,self-employed,highschool,620.0,42797.0,2,54.0,south,0
11600,39.0,65129.0,salaried,master,802.0,23614.0,2,,east,1
11601,54.0,134444.0,salaried,bachelor,771.0,75498.0,0,127.0,central,1
11602,55.0,20035.0,self-employed,master,707.0,8364.0,1,26.0,south,0
11603,23.0,83207.0,salaried,highschool,684.0,8978.0,0,,north,0
11604,,,salaried,master,642.0,23142.0,1,137.0,north,0
11605,56.0,60057.0,salaried,highschool,536.0,31754.0,2,45.0,north,0
11606,46.0,17608.0,self-employed,highschool,631.0,7354.0,4,100.0,central,0
11607,42.0,83620.0,salaried,master,659.0,30721.0,1,40.0,west,0
11608,,59472.0,unemployed,bachelor,671.0,19415.0,0,35.0,east,0
11609,35.0,39362.0,salaried,highschool,692.0,13426.0,1,103.0,central,0
11610,43.0,55412.0,salaried,highschool,733.0,26853.0,3,155.0,central,1
11611,37.0,27371.0,salaried,master,588.0,9760.0,4,107.0,central,0
11612,39.0,30040.0,salaried,highschool,589.0,5648.0,0,39.0,north,0
11613,41.0,31834.0,salaried,highschool,781.0,4109.0,0,52.0,north,0
11614,,15893.0,self-employed,highschool,719.0,2592.0,2,29.0,west,0
11615,46.0,61752.0,salaried,highschool,615.0,13939.0,1,32.0,south,0
11616,75.0,72824.0,salaried,master,640.0,20672.0,2,31.0,north,1
11617,,28264.0,salaried,highschool,641.0,15438.0,0,41.0,west,0
11618,44.0,47768.0,salaried,bachelor,653.0,10487.0,2,57.0,south,0
11619,31.0,35145.0,unemployed,bachelor,693.0,9131.0,2,54.0,central,0
11620,47.0,47294.0,salaried,highschool,850.0,10003.0,1,80.0,east,0
11621,,29325.0,self-employed,bachelor,667.0,10935.0,2,,south,0
11622,49.0,25804.0,salaried,highschool,710.0,10542.0,1,76.0,central,0
11623,54.0,67917.0,salaried,master,498.0,24862.0,2,83.0,west,1
11624,,38873.0,self-employed,master,606.0,22388.0,1,39.0,south,0
11625,,110311.0,salaried,master,761.0,65931.0,4,48.0,north,1
11626,,41075.0,self-employed,bachelor,686.0,21306.0,1,244.0,east,0
11627,,25260.0,salaried,master,300.0,12697.0,2,37.0,west,0
11628,45.0,74122.0,salaried,bachelor,711.0,20979.0,0,78.0,central,0
11629,53.0,55017.0,unemployed,bachelor,823.0,21451.0,3,22.0,north,0
11630,25.0,57724.0,salaried,highschool,470.0,15917.0,3,84.0,east,0
11631,30.0,72788.0,unemployed,highschool,787.0,35824.0,1,33.0,central,0
11632,42.0,28958.0,unemployed,highschool,401.0,5384.0,2,,west,0
11633,,37661.0,salaried,highschool,734.0,7846.0,3,19.0,north,0
11634,43.0,,salaried,master,649.0,4396.0,0,,central,0
11635,53.0,21049.0,self-employed,phd,439.0,8514.0,1,52.0,west,0
11636,19.0,35179.0,salaried,highschool,690.0,15629.0,2,47.0,east,0
11637,52.0,78291.0,self-employed,master,754.0,7961.0,1,69.0,west,0
11638,40.0,45192.0,salaried,bachelor,683.0,16061.0,5,98.0,west,0
11639,38.0,20475.0,salaried,bachelor,703.0,5906.0,1,28.0,south,1
11640,22.0,18436.0,salaried,phd,613.0,9148.0,1,48.0,west,0
11641,46.0,92262.0,self-employed,bachelor,482.0,11020.0,4,20.0,south,1
11642,18.0,38363.0,self-employed,bachelor,712.0,4768.0,1,14.0,south,0
11643,48.0,29036.0,self-employed,highschool,807.0,11908.0,1,59.0,east,1
11644,22.0,34997.0,salaried,highschool,752.0,13852.0,1,26.0,north,0
11645,41.0,19175.0,salaried,master,471.0,9885.0,2,,west,0
11646,39.0,81760.0,salaried,highschool,514.0,32388.0,0,60.0,east,0
11647,,32974.0,salaried,highschool,574.0,18950.0,0,16.0,west,1
11648,38.0,79515.0,salaried,highschool,507.0,20451.0,1,66.0,north,1
11649,32.0,41185.0,salaried,bachelor,654.0,12313.0,1,95.0,east,0
11650,34.0,82024.0,salaried,bachelor,685.0,48299.0,2,74.0,east,0
11651,55.0,45631.0,salaried,master,521.0,7016.0,1,28.0,north,0
11652,46.0,61489.0,self-employed,bachelor,720.0,30619.0,1,51.0,east,0
11653,35.0,57500.0,salaried,master,704.0,6083.0,2,,central,0
11654,37.0,54811.0,unemployed,bachelor,601.0,18814.0,2,48.0,central,0
11655,21.0,47761.0,salaried,bachelor,634.0,8439.0,1,21.0,north,0
11656,45.0,35724.0,salaried,highschool,475.0,14269.0,0,,central,1
11657,19.0,104581.0,self-employed,highschool,620.0,52195.0,1,46.0,east,0
11658,49.0,25502.0,salaried,master,651.0,2972.0,1,60.0,north,0
11659,42.0,40221.0,self-employed,master,665.0,7316.0,3,37.0,central,0
11660,69.0,40435.0,salaried,bachelor,684.0,10970.0,1,13.0,east,0
11661,27.0,49081.0,salaried,master,672.0,11185.0,0,38.0,central,0
11662,39.0,32379.0,self-employed,master,626.0,9442.0,2,129.0,north,0
11663,62.0,46975.0,salaried,highschool,676.0,27055.0,1,66.0,north,0
11664,54.0,36886.0,salaried,bachelor,740.0,5555.0,0,59.0,central,0
11665,32.0,18197.0,salaried,master,641.0,5671.0,3,31.0,south,0
11666,43.0,40327.0,salaried,master,679.0,13249.0,1,39.0,east,0
11667,40.0,23149.0,salaried,highschool,633.0,5560.0,0,12.0,west,0
11668,43.0,16862.0,self-employed,highschool,592.0,4034.0,1,29.0,central,1
11669,32.0,42978.0,salaried,bachelor,697.0,19657.0,0,64.0,south,1
11670,39.0,51223.0,unemployed,highschool,600.0,20946.0,0,59.0,west,1
11671,21.0,52227.0,salaried,highschool,685.0,26448.0,0,35.0,west,1
11672,42.0,53294.0,salaried,bachelor,653.0,16123.0,0,,west,0
11673,45.0,15271.0,salaried,bachelor,623.0,6160.0,2,54.0,east,0
11674,37.0,20323.0,self-employed,highschool,620.0,11112.0,1,36.0,north,0
11675,21.0,107663.0,self-employed,bachelor,604.0,56595.0,2,68.0,south,0
11676,52.0,23775.0,salaried,highschool,502.0,13314.0,1,58.0,east,1
11677,44.0,54471.0,salaried,bachelor,684.0,12773.0,0,40.0,east,0
11678,31.0,28468.0,self-employed,master,671.0,16873.0,2,22.0,north,0
11679,37.0,41766.0,salaried,master,726.0,21225.0,2,38.0,west,1
11680,22.0,29242.0,salaried,highschool,602.0,14545.0,1,37.0,east,1
11681,28.0,53145.0,self-employed,master,821.0,23054.0,0,34.0,west,0
11682,34.0,42976.0,salaried,master,616.0,25426.0,1,16.0,east,0
11683,55.0,32076.0,self-employed,bachelor,571.0,10289.0,2,110.0,south,0
11684,,23740.0,self-employed,phd,561.0,11176.0,2,107.0,north,0
11685,48.0,45885.0,,highschool,494.0,20621.0,1,47.0,north,0
11686,34.0,21887.0,salaried,highschool,788.0,10200.0,1,,east,0
11687,43.0,49699.0,salaried,master,773.0,23643.0,0,67.0,south,0
11688,,149230.0,,bachelor,704.0,29156.0,1,48.0,west,0
11689,50.0,78833.0,salaried,highschool,569.0,21642.0,0,62.0,west,1
11690,34.0,57479.0,salaried,highschool,813.0,17021.0,0,73.0,south,0
11691,21.0,38453.0,salaried,highschool,618.0,18227.0,2,57.0,west,0
11692,23.0,15224.0,salaried,highschool,626.0,6974.0,1,80.0,east,0
11693,34.0,20720.0,salaried,highschool,779.0,10706.0,1,34.0,central,0
11694,25.0,76221.0,salaried,phd,709.0,37673.0,1,51.0,central,0
11695,45.0,27041.0,salaried,highschool,848.0,10763.0,2,197.0,central,0
11696,34.0,28293.0,,master,672.0,4809.0,2,91.0,north,0
11697,68.0,36945.0,self-employed,highschool,614.0,15433.0,1,,east,0
11698,19.0,,self-employed,highschool,595.0,12827.0,0,28.0,north,0
11699,42.0,21734.0,salaried,master,484.0,9163.0,0,53.0,central,1
11700,26.0,39135.0,salaried,highschool,625.0,21438.0,2,88.0,west,0
11701,34.0,25700.0,,highschool,753.0,15408.0,2,78.0,south,0
11702,42.0,27708.0,salaried,master,704.0,7747.0,2,13.0,west,0
11703,18.0,27157.0,unemployed,highschool,652.0,12537.0,1,17.0,east,0
11704,43.0,52114.0,salaried,highschool,560.0,19281.0,0,17.0,east,0
11705,63.0,35737.0,salaried,phd,670.0,11703.0,3,68.0,east,0
11706,35.0,36707.0,salaried,bachelor,741.0,8073.0,7,18.0,central,0
11707,43.0,54094.0,self-employed,bachelor,689.0,12061.0,3,27.0,west,0
11708,52.0,37383.0,salaried,highschool,665.0,7196.0,1,47.0,east,0
11709,38.0,34922.0,unemployed,highschool,578.0,14519.0,1,96.0,west,0
11710,33.0,50778.0,salaried,bachelor,728.0,8684.0,1,70.0,north,0
11711,18.0,56056.0,salaried,bachelor,368.0,17696.0,0,43.0,south,0
11712,48.0,37289.0,salaried,highschool,684.0,13486.0,2,82.0,north,0
11713,39.0,41785.0,self-employed,master,850.0,13334.0,0,150.0,central,0
11714,28.0,27149.0,salaried,master,514.0,14320.0,2,53.0,north,1
11715,42.0,26099.0,unemployed,bachelor,628.0,8393.0,1,21.0,central,0
11716,33.0,,unemployed,bachelor,649.0,8338.0,2,28.0,central,0
11717,34.0,50135.0,salaried,bachelor,608.0,29885.0,2,27.0,central,0
11718,,50395.0,salaried,bachelor,743.0,26331.0,4,32.0,west,0
11719,24.0,46186.0,salaried,highschool,693.0,19861.0,1,,east,0
11720,53.0,41073.0,self-employed,master,664.0,19639.0,1,61.0,central,0
11721,,56852.0,self-employed,bachelor,722.0,9329.0,2,19.0,central,0
11722,,64059.0,salaried,master,652.0,30938.0,1,22.0,central,0
11723,63.0,63298.0,unemployed,phd,850.0,12905.0,0,73.0,west,0
11724,54.0,38163.0,salaried,highschool,664.0,13147.0,0,37.0,west,0
11725,41.0,80298.0,self-employed,bachelor,668.0,15176.0,1,29.0,west,1
11726,29.0,44992.0,self-employed,bachelor,496.0,21456.0,1,44.0,central,0
11727,34.0,55061.0,,bachelor,601.0,12277.0,1,105.0,east,0
11728,41.0,46214.0,salaried,master,753.0,10472.0,1,78.0,east,0
11729,40.0,45411.0,salaried,highschool,530.0,7021.0,0,75.0,central,0
11730,39.0,27781.0,unemployed,bachelor,456.0,12788.0,0,126.0,south,0
11731,40.0,56993.0,salaried,master,653.0,14130.0,4,62.0,west,0
11732,37.0,166483.0,self-employed,phd,773.0,59791.0,1,133.0,north,0
11733,23.0,33276.0,salaried,highschool,654.0,8856.0,1,,east,0
11734,34.0,41585.0,salaried,phd,620.0,20267.0,0,19.0,north,0
11735,51.0,32109.0,unemployed,highschool,483.0,6847.0,1,16.0,central,1
11736,,31445.0,salaried,bachelor,691.0,17937.0,0,26.0,central,0
11737,,86875.0,self-employed,highschool,710.0,22646.0,1,,south,1
11738,30.0,28667.0,salaried,bachelor,490.0,4355.0,1,45.0,north,1
11739,41.0,,,highschool,752.0,6971.0,2,42.0,west,0
11740,35.0,18147.0,salaried,highschool,719.0,2486.0,1,83.0,central,0
11741,58.0,27479.0,salaried,highschool,752.0,9188.0,1,36.0,south,0
11742,46.0,17082.0,self-employed,master,703.0,3846.0,0,58.0,central,0
11743,24.0,55045.0,,bachelor,709.0,29891.0,0,73.0,east,0
11744,48.0,,salaried,bachelor,697.0,58349.0,4,28.0,east,0
11745,31.0,33412.0,salaried,bachelor,728.0,7240.0,2,24.0,south,0
11746,33.0,17442.0,self-employed,bachelor,486.0,5680.0,1,53.0,south,0
11747,44.0,62944.0,self-employed,highschool,515.0,12463.0,3,57.0,south,1
11748,34.0,27904.0,self-employed,highschool,584.0,5284.0,1,79.0,north,1
11749,51.0,76855.0,unemployed,bachelor,638.0,19239.0,0,,south,0
11750,,34856.0,,master,685.0,5373.0,3,32.0,south,0
11751,33.0,29263.0,salaried,highschool,679.0,5687.0,1,138.0,north,1
11752,32.0,36718.0,salaried,bachelor,751.0,20893.0,0,90.0,south,0
11753,33.0,58623.0,salaried,master,753.0,25407.0,1,48.0,north,0
11754,53.0,35821.0,self-employed,master,571.0,20080.0,0,98.0,north,1
11755,48.0,31308.0,self-employed,highschool,671.0,7152.0,1,26.0,west,0
11756,61.0,36337.0,salaried,master,574.0,19204.0,1,44.0,north,0
11757,67.0,21249.0,unemployed,bachelor,633.0,5974.0,0,57.0,south,0
11758,28.0,48948.0,salaried,bachelor,679.0,8424.0,2,41.0,west,0
11759,41.0,16426.0,self-employed,master,343.0,8252.0,0,42.0,north,1
11760,26.0,32143.0,salaried,highschool,850.0,4173.0,2,77.0,west,0
11761,31.0,58671.0,self-employed,master,701.0,17744.0,0,91.0,north,1
11762,32.0,,salaried,bachelor,596.0,23802.0,0,39.0,north,0
11763,27.0,53915.0,unemployed,master,823.0,22029.0,0,20.0,north,0
11764,27.0,38851.0,unemployed,master,619.0,13949.0,0,17.0,central,0
11765,38.0,72033.0,salaried,bachelor,662.0,19940.0,0,,north,0
11766,,63726.0,salaried,highschool,606.0,8764.0,0,125.0,north,0
11767,50.0,50165.0,self-employed,highschool,799.0,29872.0,1,77.0,central,0
11768,29.0,63817.0,salaried,master,641.0,11958.0,2,68.0,west,0
11769,74.0,58408.0,salaried,bachelor,663.0,13297.0,3,35.0,east,0
11770,35.0,32218.0,salaried,master,758.0,7022.0,0,35.0,north,0
11771,41.0,20497.0,,bachelor,703.0,11355.0,1,92.0,south,0
11772,24.0,49522.0,self-employed,bachelor,645.0,23862.0,0,16.0,east,1
11773,60.0,52736.0,salaried,master,750.0,17332.0,0,40.0,east,0
11774,53.0,69233.0,unemployed,master,850.0,39997.0,2,100.0,east,1
11775,44.0,25131.0,salaried,bachelor,679.0,3176.0,2,40.0,north,0
11776,24.0,,salaried,highschool,661.0,13949.0,1,75.0,central,0
11777,43.0,50511.0,unemployed,master,665.0,6577.0,4,49.0,west,0
11778,27.0,38732.0,salaried,master,768.0,11448.0,3,5.0,south,1
11779,,15633.0,salaried,bachelor,596.0,1985.0,0,48.0,central,0
11780,50.0,48414.0,salaried,bachelor,625.0,29024.0,0,54.0,south,1
11781,41.0,15895.0,self-employed,highschool,512.0,8857.0,0,45.0,north,1
11782,18.0,25019.0,salaried,bachelor,543.0,9817.0,3,23.0,central,1
11783,28.0,,salaried,highschool,603.0,16482.0,0,46.0,north,0
11784,48.0,99951.0,salaried,highschool,645.0,23827.0,0,11.0,north,1
11785,,21855.0,salaried,master,809.0,7098.0,3,39.0,west,0
11786,53.0,34040.0,,bachelor,698.0,8898.0,1,78.0,south,0
11787,21.0,40999.0,salaried,master,568.0,4537.0,0,121.0,north,0
11788,44.0,97794.0,unemployed,bachelor,584.0,41868.0,0,110.0,north,0
11789,52.0,31369.0,self-employed,highschool,774.0,12758.0,0,,north,0
11790,20.0,31620.0,,bachelor,751.0,17459.0,1,18.0,central,0
11791,40.0,87061.0,unemployed,highschool,653.0,29464.0,2,57.0,west,1
11792,43.0,33276.0,unemployed,bachelor,610.0,9063.0,2,51.0,central,1
11793,36.0,57590.0,self-employed,master,751.0,20488.0,0,72.0,west,0
11794,18.0,19176.0,salaried,master,561.0,3784.0,2,33.0,east,0
11795,36.0,36842.0,self-employed,master,685.0,15207.0,0,52.0,south,0
11796,36.0,,salaried,master,850.0,8490.0,3,51.0,central,0
11797,38.0,23678.0,salaried,master,668.0,4185.0,2,,central,0
11798,33.0,61059.0,salaried,bachelor,580.0,15826.0,1,15.0,east,0
11799,35.0,39146.0,salaried,bachelor,687.0,20900.0,2,78.0,north,0
11800,40.0,34216.0,salaried,bachelor,608.0,12070.0,2,57.0,west,0
11801,45.0,27601.0,,highschool,525.0,10100.0,1,81.0,south,0
11802,36.0,35942.0,salaried,bachelor,713.0,16577.0,1,,south,0
11803,35.0,46656.0,salaried,bachelor,751.0,18147.0,2,48.0,west,0
11804,41.0,,salaried,highschool,622.0,8843.0,2,78.0,central,0
11805,18.0,10801.0,self-employed,phd,616.0,5422.0,4,123.0,west,0
11806,46.0,26479.0,salaried,highschool,563.0,14866.0,0,145.0,north,1
11807,40.0,43458.0,salaried,bachelor,637.0,5503.0,1,61.0,west,0
11808,40.0,38199.0,self-employed,phd,599.0,6136.0,0,64.0,central,0
11809,52.0,49104.0,self-employed,highschool,559.0,22145.0,2,61.0,west,0
11810,18.0,45879.0,salaried,master,820.0,18454.0,2,70.0,south,0
11811,18.0,34460.0,self-employed,master,692.0,10037.0,0,90.0,west,0
11812,43.0,,salaried,bachelor,702.0,11399.0,0,60.0,south,0
11813,40.0,35499.0,unemployed,phd,730.0,16034.0,1,141.0,central,0
11814,,71280.0,salaried,bachelor,719.0,25108.0,2,129.0,central,0
11815,,27834.0,self-employed,bachelor,613.0,4734.0,2,53.0,east,0
11816,48.0,38894.0,salaried,bachelor,675.0,5629.0,1,53.0,north,0
11817,51.0,43988.0,self-employed,bachelor,626.0,14051.0,1,38.0,east,0
11818,46.0,87568.0,salaried,highschool,689.0,49165.0,4,73.0,north,0
11819,37.0,34539.0,salaried,highschool,681.0,13086.0,1,42.0,west,0
11820,18.0,64822.0,,bachelor,616.0,18093.0,0,37.0,west,0
11821,49.0,74309.0,self-employed,master,530.0,41194.0,0,72.0,south,1
11822,55.0,38876.0,salaried,master,663.0,11442.0,2,24.0,central,1
11823,48.0,36121.0,self-employed,phd,632.0,12808.0,2,91.0,west,0
11824,29.0,34046.0,salaried,highschool,480.0,5388.0,2,73.0,central,0
11825,48.0,35316.0,salaried,bachelor,696.0,16553.0,1,,south,1
11826,,61520.0,salaried,bachelor,737.0,27693.0,0,,north,0
11827,59.0,45049.0,salaried,highschool,850.0,22395.0,1,80.0,east,0
11828,29.0,45145.0,self-employed,bachelor,615.0,11855.0,0,8.0,south,0
11829,37.0,,salaried,bachelor,602.0,7272.0,0,86.0,west,0
11830,,24742.0,unemployed,master,550.0,4557.0,1,105.0,east,1
11831,41.0,117210.0,salaried,highschool,669.0,68246.0,1,58.0,west,0
11832,27.0,36720.0,self-employed,master,668.0,5252.0,1,38.0,north,0
11833,45.0,27245.0,salaried,master,577.0,11566.0,1,63.0,north,0
11834,47.0,82088.0,self-employed,bachelor,634.0,37155.0,2,91.0,central,0
11835,41.0,46208.0,unemployed,highschool,472.0,8265.0,3,98.0,east,1
11836,43.0,53588.0,salaried,highschool,733.0,15147.0,6,15.0,north,0
11837,37.0,37458.0,salaried,phd,581.0,4554.0,3,215.0,central,0
11838,58.0,34223.0,self-employed,highschool,647.0,12947.0,1,37.0,north,0
11839,29.0,36872.0,self-employed,highschool,522.0,22030.0,1,81.0,central,1
11840,33.0,20103.0,,phd,598.0,6331.0,1,112.0,south,0
11841,40.0,38409.0,self-employed,master,625.0,22853.0,1,50.0,east,1
11842,51.0,46538.0,self-employed,bachelor,649.0,7591.0,1,100.0,south,0
11843,22.0,101238.0,self-employed,highschool,693.0,29990.0,0,15.0,north,0
11844,24.0,41898.0,salaried,bachelor,780.0,23085.0,0,11.0,east,0
11845,18.0,12493.0,salaried,master,716.0,6725.0,4,102.0,south,1
11846,40.0,38292.0,unemployed,highschool,737.0,10025.0,0,95.0,east,0
11847,27.0,157906.0,salaried,highschool,780.0,69369.0,2,67.0,east,1
11848,35.0,61894.0,salaried,highschool,701.0,33614.0,2,91.0,west,0
11849,48.0,26757.0,unemployed,bachelor,647.0,12935.0,0,131.0,north,0
11850,32.0,53936.0,salaried,highschool,741.0,22342.0,1,114.0,south,1
11851,43.0,27695.0,,master,747.0,4882.0,3,52.0,central,0
11852,36.0,20396.0,self-employed,highschool,708.0,2784.0,0,62.0,central,0
11853,48.0,33719.0,self-employed,highschool,519.0,13734.0,1,47.0,east,0
11854,46.0,42014.0,unemployed,phd,574.0,14711.0,2,43.0,south,0
11855,32.0,15739.0,self-employed,phd,625.0,3447.0,1,86.0,east,0
11856,38.0,22594.0,salaried,bachelor,720.0,5567.0,2,47.0,west,0
11857,53.0,40343.0,salaried,master,648.0,11943.0,1,86.0,south,0
11858,,32726.0,salaried,highschool,752.0,11381.0,1,50.0,central,0
11859,23.0,48894.0,unemployed,bachelor,768.0,14430.0,0,55.0,north,0
11860,48.0,21866.0,salaried,highschool,758.0,6421.0,1,,west,0
11861,27.0,57357.0,salaried,bachelor,758.0,9055.0,1,84.0,east,0
11862,57.0,22206.0,salaried,master,557.0,11831.0,1,14.0,east,0
11863,52.0,91251.0,salaried,master,693.0,36918.0,4,,east,1
11864,43.0,17020.0,salaried,highschool,595.0,2945.0,0,172.0,north,0
11865,42.0,23242.0,self-employed,bachelor,502.0,7250.0,0,56.0,south,0
11866,37.0,49448.0,salaried,phd,624.0,15248.0,2,55.0,south,0
11867,48.0,92237.0,unemployed,bachelor,769.0,36923.0,1,18.0,west,0
11868,36.0,46982.0,unemployed,highschool,691.0,19001.0,1,,east,1
11869,43.0,53180.0,salaried,bachelor,832.0,22474.0,0,92.0,east,1
11870,50.0,40488.0,self-employed,highschool,666.0,18177.0,1,99.0,east,0
11871,33.0,24024.0,salaried,bachelor,850.0,3644.0,3,61.0,east,0
11872,33.0,31412.0,salaried,bachelor,666.0,7930.0,1,89.0,north,1
11873,26.0,21896.0,salaried,bachelor,652.0,2379.0,0,31.0,central,0
11874,27.0,21176.0,self-employed,bachelor,535.0,6931.0,1,69.0,central,0
11875,18.0,49064.0,self-employed,bachelor,750.0,15441.0,2,120.0,south,0
11876,49.0,22889.0,salaried,highschool,605.0,10693.0,0,77.0,west,0
11877,62.0,47088.0,self-employed,highschool,592.0,8643.0,2,130.0,south,0
11878,57.0,20933.0,self-employed,bachelor,765.0,8703.0,0,133.0,north,1
11879,20.0,46546.0,self-employed,master,754.0,11792.0,1,72.0,central,0
11880,49.0,31434.0,salaried,master,752.0,9146.0,2,3.0,south,0
11881,57.0,81089.0,self-employed,highschool,617.0,37272.0,3,98.0,south,0
11882,35.0,47186.0,self-employed,bachelor,645.0,6407.0,2,23.0,east,0
11883,41.0,74451.0,salaried,bachelor,645.0,20205.0,1,6.0,east,1
11884,18.0,27506.0,self-employed,bachelor,720.0,8133.0,3,12.0,south,0
11885,43.0,41277.0,salaried,bachelor,790.0,18900.0,1,102.0,central,0
11886,27.0,24574.0,,phd,683.0,4905.0,1,,south,0
11887,42.0,32637.0,self-employed,highschool,828.0,18724.0,0,62.0,east,0
11888,21.0,35205.0,salaried,bachelor,731.0,21084.0,0,76.0,west,0
11889,47.0,27919.0,salaried,bachelor,629.0,14224.0,1,13.0,central,0
11890,,21856.0,self-employed,bachelor,725.0,5461.0,2,47.0,east,0
11891,31.0,19796.0,self-employed,highschool,804.0,8551.0,2,35.0,east,1
11892,26.0,12458.0,self-employed,bachelor,830.0,1764.0,1,59.0,central,1
11893,18.0,23667.0,self-employed,highschool,757.0,12677.0,0,60.0,east,0
11894,37.0,54926.0,salaried,bachelor,652.0,19663.0,1,74.0,south,0
11895,33.0,18047.0,salaried,bachelor,630.0,3397.0,1,81.0,north,0
11896,21.0,20251.0,self-employed,highschool,702.0,5340.0,1,14.0,south,0
11897,45.0,98268.0,salaried,phd,801.0,49170.0,0,47.0,north,0
11898,35.0,29195.0,self-employed,master,689.0,15623.0,0,54.0,south,1
11899,27.0,,salaried,bachelor,691.0,16958.0,0,22.0,east,0
11900,,55335.0,salaried,phd,655.0,18822.0,2,20.0,east,0
11901,53.0,55897.0,self-employed,master,620.0,26572.0,1,13.0,north,0
11902,47.0,18748.0,self-employed,highschool,635.0,9620.0,4,18.0,east,0
11903,38.0,35756.0,self-employed,bachelor,662.0,17249.0,0,88.0,east,0
11904,47.0,17870.0,salaried,bachelor,805.0,5222.0,1,16.0,north,0
11905,26.0,136374.0,self-employed,bachelor,628.0,57409.0,0,18.0,south,0
11906,40.0,,salaried,master,655.0,9559.0,1,57.0,west,0
11907,42.0,23768.0,self-employed,bachelor,572.0,4180.0,2,69.0,north,0
11908,34.0,23854.0,self-employed,highschool,714.0,7015.0,0,53.0,south,0
11909,45.0,18990.0,salaried,bachelor,773.0,2437.0,1,25.0,east,0
11910,31.0,78928.0,,master,796.0,24029.0,0,21.0,north,0
11911,46.0,134756.0,salaried,bachelor,668.0,65511.0,4,56.0,west,0
11912,47.0,31638.0,salaried,highschool,702.0,6281.0,1,49.0,west,0
11913,18.0,20739.0,self-employed,highschool,636.0,7693.0,3,42.0,south,0
11914,54.0,13115.0,salaried,bachelor,698.0,1551.0,4,86.0,south,0
11915,18.0,35523.0,unemployed,highschool,678.0,19496.0,1,,west,0
11916,33.0,34263.0,salaried,bachelor,655.0,17474.0,0,19.0,south,0
11917,52.0,28980.0,salaried,highschool,662.0,10497.0,2,42.0,north,1
11918,,44832.0,self-employed,bachelor,691.0,20304.0,0,74.0,north,0
11919,22.0,48903.0,salaried,highschool,624.0,7431.0,3,46.0,north,0
11920,27.0,47171.0,unemployed,highschool,628.0,24652.0,1,73.0,central,1
11921,52.0,34267.0,salaried,bachelor,804.0,15682.0,0,82.0,central,0
11922,18.0,23137.0,salaried,highschool,850.0,3702.0,2,,east,1
11923,54.0,,salaried,highschool,542.0,33053.0,0,53.0,central,0
11924,39.0,40387.0,salaried,bachelor,537.0,4494.0,0,44.0,west,0
11925,26.0,62579.0,salaried,highschool,564.0,25924.0,1,74.0,east,1
11926,33.0,59578.0,salaried,highschool,641.0,11074.0,0,43.0,west,0
11927,28.0,19715.0,salaried,bachelor,731.0,9061.0,0,70.0,east,1
11928,,19592.0,salaried,bachelor,703.0,2649.0,1,61.0,central,0
11929,49.0,27508.0,salaried,bachelor,665.0,3866.0,0,12.0,central,0
11930,19.0,23668.0,salaried,phd,698.0,7885.0,2,72.0,central,0
11931,35.0,58549.0,salaried,bachelor,588.0,34954.0,2,57.0,east,0
11932,30.0,47842.0,salaried,bachelor,628.0,11399.0,0,107.0,east,0
11933,56.0,69535.0,salaried,master,648.0,28250.0,1,23.0,north,0
11934,24.0,48935.0,salaried,bachelor,507.0,17582.0,1,61.0,west,0
11935,59.0,44548.0,salaried,master,545.0,23212.0,0,39.0,north,1
11936,40.0,73121.0,salaried,bachelor,549.0,17863.0,0,14.0,east,0
11937,26.0,50760.0,unemployed,bachelor,719.0,19160.0,0,10.0,north,0
11938,32.0,41525.0,salaried,master,672.0,23890.0,0,119.0,east,0
11939,30.0,84139.0,salaried,highschool,705.0,22406.0,1,61.0,west,0
11940,25.0,42514.0,self-employed,master,484.0,13592.0,2,46.0,south,0
11941,41.0,34469.0,salaried,bachelor,516.0,18765.0,0,17.0,west,1
11942,25.0,26399.0,salaried,bachelor,710.0,7029.0,2,115.0,south,0
11943,18.0,57040.0,self-employed,bachelor,400.0,16561.0,0,,south,0
11944,35.0,74498.0,self-employed,highschool,760.0,18778.0,2,63.0,north,0
11945,18.0,39132.0,unemployed,highschool,486.0,19753.0,3,56.0,north,1
11946,31.0,77185.0,unemployed,master,726.0,43624.0,1,146.0,south,0
11947,29.0,14988.0,salaried,bachelor,570.0,6228.0,1,52.0,north,0
11948,30.0,39037.0,self-employed,master,744.0,16076.0,4,37.0,central,0
11949,64.0,39338.0,salaried,highschool,850.0,11605.0,0,62.0,west,0
11950,,27903.0,self-employed,highschool,445.0,2965.0,1,66.0,south,1
11951,43.0,132181.0,salaried,highschool,713.0,24714.0,0,204.0,central,0
11952,19.0,38828.0,salaried,highschool,487.0,6745.0,1,51.0,south,0
11953,32.0,32733.0,salaried,bachelor,688.0,5170.0,0,22.0,east,1
11954,43.0,,salaried,master,631.0,17362.0,3,42.0,west,0
11955,28.0,14744.0,salaried,master,662.0,2480.0,2,62.0,west,0
11956,51.0,27448.0,self-employed,bachelor,568.0,3920.0,3,69.0,north,0
11957,26.0,65619.0,salaried,highschool,720.0,19114.0,1,16.0,south,1
11958,37.0,29305.0,self-employed,bachelor,520.0,6579.0,0,38.0,south,0
11959,33.0,26518.0,,bachelor,762.0,4586.0,0,142.0,east,0
11960,42.0,77247.0,salaried,bachelor,613.0,13369.0,1,28.0,central,0
11961,32.0,78443.0,salaried,bachelor,524.0,17893.0,2,87.0,east,0
11962,37.0,51974.0,salaried,highschool,794.0,19148.0,2,43.0,east,0
11963,,31966.0,salaried,highschool,644.0,15313.0,3,53.0,north,0
11964,31.0,35606.0,salaried,phd,822.0,18742.0,2,,east,0
11965,46.0,,salaried,bachelor,760.0,12772.0,0,45.0,east,0
11966,,24407.0,self-employed,master,578.0,10107.0,1,61.0,west,0
11967,39.0,23808.0,salaried,highschool,642.0,13185.0,1,52.0,central,1
11968,35.0,29465.0,self-employed,bachelor,661.0,10604.0,2,47.0,east,0
11969,50.0,23924.0,self-employed,highschool,787.0,9969.0,0,74.0,north,1
11970,37.0,,salaried,master,689.0,5616.0,0,21.0,central,0
11971,36.0,44788.0,,highschool,666.0,11810.0,0,63.0,east,0
11972,41.0,45130.0,self-employed,bachelor,632.0,11998.0,1,10.0,east,0
11973,60.0,93939.0,self-employed,highschool,645.0,16360.0,1,101.0,central,0
11974,24.0,28734.0,self-employed,highschool,767.0,14318.0,0,48.0,east,0
11975,49.0,46539.0,salaried,highschool,650.0,5942.0,2,84.0,west,0
11976,18.0,46927.0,unemployed,bachelor,614.0,20523.0,0,,central,0
11977,43.0,35351.0,salaried,master,599.0,18815.0,1,77.0,east,0
11978,59.0,58231.0,salaried,phd,600.0,20306.0,3,32.0,central,1
11979,46.0,59137.0,self-employed,bachelor,524.0,7989.0,2,54.0,north,0
11980,42.0,47274.0,salaried,bachelor,582.0,14854.0,2,78.0,central,0
11981,33.0,35319.0,self-employed,master,785.0,9593.0,1,51.0,central,0
11982,40.0,33565.0,salaried,highschool,631.0,19896.0,1,72.0,north,0
11983,37.0,20254.0,salaried,master,713.0,9026.0,0,43.0,north,0
11984,31.0,26824.0,self-employed,master,427.0,12357.0,0,106.0,north,0
11985,37.0,29407.0,salaried,bachelor,701.0,10525.0,0,48.0,south,0
11986,42.0,22880.0,salaried,highschool,635.0,10404.0,0,49.0,central,0
11987,31.0,50009.0,self-employed,highschool,607.0,23069.0,0,49.0,north,0
11988,30.0,73007.0,self-employed,bachelor,666.0,9723.0,1,53.0,north,0
11989,24.0,25488.0,self-employed,master,605.0,5386.0,2,21.0,east,0
11990,45.0,46246.0,salaried,bachelor,459.0,4924.0,1,28.0,south,0
11991,47.0,,self-employed,bachelor,733.0,8493.0,1,,west,0
11992,,34459.0,self-employed,bachelor,672.0,18536.0,2,84.0,west,1
11993,52.0,28420.0,self-employed,master,622.0,11504.0,1,,central,0
11994,41.0,54228.0,salaried,highschool,563.0,18985.0,2,68.0,east,0
11995,,28584.0,salaried,highschool,518.0,16092.0,3,38.0,east,0
11996,44.0,66558.0,salaried,bachelor,670.0,12387.0,2,,north,0
11997,39.0,35495.0,salaried,highschool,795.0,4874.0,1,51.0,central,0
11998,34.0,29004.0,salaried,highschool,668.0,16203.0,0,99.0,south,1
11999,67.0,21447.0,salaried,bachelor,526.0,11826.0,1,,east,0
